,Name,Team,Pos,Injury / Surgery Date,Injury / Surgery,Status,IL Retro Date,Eligible to Return,Return Date,Latest Update
0,Stephen Strasburg,WSN,SP,07/28/21,Thoracic outlet syndrome surgery,60-Day IL,03/27/23,05/26/23,,No timetable for return
1,Jimmy Nelson,LAD,RP,Aug '21,Tommy John surgery,60-Day IL,03/27/23,05/26/23,,Rehab assignment (7/18)
2,Chris Rodriguez,LAA,SP,Oct '21,Shoulder surgery,60-Day IL,03/27/23,05/26/23,,Out for 2023 season
3,Garrett Crochet,CHW,RP,04/05/22,Tommy John surgery,Activated,03/27/23,04/11/23,05/16/23,Activated
4,Luke Jackson,SFG,RP,04/13/22,Tommy John surgery,Activated,03/27/23,05/26/23,05/30/23,Activated
5,John Means,BAL,SP,04/27/22,Tommy John surgery,Activated,03/27/23,05/26/23,09/12/23,Activated
6,Adalberto Mondesi,BOS,INF,May '22,Knee surgery (torn ACL),60-Day IL,03/27/23,05/26/23,,Out for 2023 season
7,Chris Paddack,MIN,SP,05/18/22,Tommy John surgery,Activated,03/27/23,05/26/23,09/24/23,Activated
8,Luis Gil,NYY,SP,05/24/22,Tommy John surgery,60-Day IL,03/27/23,05/26/23,,Rehab assignment (9/1)
9,Carter Kieboom,WSN,3B,05/27/22,Tommy John surgery,Activated,03/27/23,04/06/23,05/05/23,Activated
10,Tony Santillan,CIN,RP,Jun '22,"Stress fracture, lower back",Activated,03/27/23,05/26/23,07/06/23,Activated
11,Ryan Rolison,COL,RP,Jun '22,Shoulder surgery,Activated,03/27/23,05/26/23,05/29/23,Activated
12,Daniel Hudson,LAD,RP,Jun '22,Knee surgery (torn ACL),Activated,03/27/23,05/26/23,06/30/23,Activated
13,Chad Green,TOR,RP,06/01/22,Tommy John surgery,Activated,03/27/23,05/26/23,09/01/23,Activated
14,Blake Taylor,HOU,RP,06/03/22,Strained elbow,Activated,03/27/23,04/11/23,04/11/23,Activated
15,Justin Wilson,MIL,RP,06/03/22,Shoulder inflammation,Activated,03/27/23,05/26/23,07/28/23,Activated
16,Max Kranick,PIT,SP,06/03/22,Tommy John surgery,Activated,03/27/23,05/26/23,09/01/23,Activated
17,Casey Mize,DET,SP,06/15/22,Tommy John surgery,60-Day IL,03/27/23,05/26/23,,Questionable for 2023 season
18,Hyun Jin Ryu,TOR,SP,06/18/22,Tommy John surgery,Activated,03/27/23,05/26/23,08/01/23,Activated
19,Royce Lewis,MIN,INF/OF,06/21/22,Knee surgery (partially torn ACL),Activated,03/27/23,05/26/23,05/29/23,Activated
20,Andrew Kittredge,TBR,RP,06/22/22,Tommy John surgery,Activated,03/27/23,05/26/23,08/17/23,Activated
21,Lucas Sims,CIN,RP,Jul '22,Back surgery,Activated,03/27/23,04/11/23,04/18/23,Activated
22,Kyle Hendricks,CHC,SP,07/05/22,Strained shoulder (capsular tear),Activated,03/27/23,04/11/23,05/25/23,Activated
23,Tyler Kinley,COL,RP,07/05/22,Flexor tendon surgery,Activated,03/27/23,05/26/23,08/01/23,Activated
24,Ethan Roberts,CHC,RP,07/13/22,Tommy John surgery,60-Day IL,03/27/23,05/26/23,,Questionable for 2023 season
25,Vladimir Gutierrez,CIN,SP,07/20/22,Tommy John surgery,60-Day IL,03/27/23,05/26/23,,No timetable for return
26,Jake Brentz,KCR,RP,07/21/22,Tommy John surgery,60-Day IL,03/27/23,05/26/23,,Out for 2023 season
27,Tanner Rainey,WSN,RP,08/03/22,Tommy John surgery,Activated,03/27/23,05/26/23,09/29/23,Activated
28,Max Meyer,MIA,SP,08/09/22,Tommy John surgery,60-Day IL,03/27/23,05/26/23,,Out for 2023 season
29,Alex Kirilloff,MIN,1B/OF,08/09/22,Wrist surgery,Activated,03/27/23,04/06/23,04/30/23,Activated
30,Michael Brantley,HOU,OF,08/12/22,Arthroscopic shoulder surgery,Activated,03/27/23,05/26/23,08/29/23,Activated
31,Tarik Skubal,DET,SP,08/17/22,Flexor tendon surgery,Activated,03/27/23,05/26/23,07/04/23,Activated
32,Joey Votto,CIN,1B,08/19/22,Shoulder surgery (left rotator cuff),Activated,03/27/23,05/26/23,06/19/23,Activated
33,Walker Buehler,LAD,SP,08/23/22,Tommy John surgery,60-Day IL,03/27/23,05/26/23,,Out for 2023 season
34,Jorge Polanco,MIN,2B,08/27/22,Knee inflammation,Activated,03/27/23,04/06/23,04/21/23,Activated
35,Anthony Bender,MIA,RP,08/31/22,Tommy John surgery,60-Day IL,03/27/23,05/26/23,,Questionable for 2023 season
36,Antonio Senzatela,COL,SP,Sep '22,Knee surgery,Activated,03/27/23,04/11/23,05/05/23,Activated
37,Huascar Ynoa,ATL,SP,09/07/22,Tommy John surgery,60-Day IL,03/27/23,05/26/23,,Out for 2023 season
38,Garrett Whitlock,BOS,SP,09/26/22,Hip surgery,Activated,03/27/23,04/11/23,04/11/23,Activated
39,Shane Baz,TBR,SP,09/28/22,Tommy John surgery,60-Day IL,03/27/23,05/26/23,,Out for 2023 season
40,Scott Effross,NYY,RP,Oct '22,Tommy John surgery,60-Day IL,03/27/23,05/26/23,,Out for 2023 season
41,Tyler Matzek,ATL,RP,10/12/22,Tommy John surgery,60-Day IL,03/27/23,05/26/23,,Out for 2023 season
42,Dillon Tate,BAL,RP,Nov '22,Strained elbow flexor,60-Day IL,03/27/23,05/26/23,,No timetable for return
43,Nick Senzel,CIN,OF,Nov '22,Toe surgery,Activated,03/27/23,04/06/23,04/13/23,Activated
44,Blake Treinen,LAD,RP,11/11/22,Shoulder surgery (labrum/rotator cuff repair),60-Day IL,03/27/23,05/26/23,,No timetable for return
45,Bryce Harper,PHI,OF,11/23/22,Tommy John surgery,Activated,03/27/23,04/06/23,05/02/23,Activated
46,Nic Enright,MIA,RP,Dec '22,Hodgkin's Lymphoma,Activated,03/27/23,05/26/23,05/29/23,Activated
47,Josh Winder,MIN,RP,Dec '22,Shoulder inflammation,Activated,03/27/23,04/11/23,04/27/23,Activated
48,J.P. Feyereisen,LAD,RP,12/07/22,Shoulder surgery (labrum/rotator cuff cleanup),60-Day IL,03/27/23,05/26/23,,Questionable for 2023 season
49,Kyle Wright,ATL,SP,Jan '23,Shoulder fatigue,Activated,03/27/23,04/11/23,04/11/23,Activated
50,Liam Hendriks,CHW,RP,Jan '23,Non-Hodgkin's Lymphoma,Activated,03/27/23,04/11/23,05/29/23,Activated
51,Jason Alexander,MIL,SP,Jan '23,Shoulder inflammation,Activated,03/27/23,05/26/23,07/08/23,Activated
52,Brett Martin,TEX,RP,Jan '23,Shoulder surgery,60-Day IL,03/27/23,05/26/23,,No timetable for return
53,Trevor Story,BOS,SS,01/09/23,Elbow surgery (internal brace),Activated,03/27/23,05/26/23,08/08/23,Activated
54,Brayan Bello,BOS,SP,Feb '23,Elbow inflammation,Activated,03/27/23,04/11/23,04/17/23,Activated
55,Cody Morris,CLE,RP,Feb '23,Strained shoulder (teres major),Activated,03/27/23,05/26/23,06/11/23,Activated
56,Parker Mushinski,HOU,RP,Feb '23,Back discomfort,Activated,03/27/23,04/11/23,05/22/23,Activated
57,Angel Zerpa,KCR,SP,Feb '23,Shoulder tendinopathy,Activated,03/27/23,05/26/23,07/14/23,Activated
58,Davis Daniel,LAA,SP,Feb '23,Strained shoulder,Activated,03/27/23,05/26/23,08/31/23,Activated
59,Tommy Nance,MIA,RP,Feb '23,Strained shoulder,Activated,03/27/23,05/26/23,08/23/23,Activated
60,Tyrone Taylor,MIL,OF,Feb '23,Sprained elbow,Activated,03/27/23,04/06/23,05/02/23,Activated
61,Ronny Henriquez,MIN,SP,Feb '23,Elbow inflammation,Activated,03/27/23,04/11/23,05/12/23,Activated
62,Tommy Kahnle,NYY,RP,Feb '23,Biceps tendinitis,Activated,03/27/23,05/26/23,06/01/23,Activated
63,Eguy Rosario,SDP,INF,Feb '23,Fractured ankle,Activated,03/27/23,05/26/23,08/04/23,Activated
64,Taylor Trammell,SEA,OF,Feb '23,Fractured hand (hamate),Activated,03/27/23,04/06/23,04/30/23,Activated
65,Shawn Armstrong,TBR,RP,Feb '23,Neck tightness,Activated,03/27/23,05/26/23,06/03/23,Activated
66,Tejay Antone,CIN,RP,02/07/23,Strained elbow flexor,Activated,03/27/23,05/26/23,09/01/23,Activated
67,Randal Grichuk,COL,OF,02/07/23,Sports hernia surgery,Activated,03/27/23,04/06/23,04/29/23,Activated
68,Robert Stephenson,PIT,RP,02/18/23,Elbow inflammation,Activated,03/27/23,04/11/23,04/14/23,Activated
69,Drew Waters,KCR,OF,02/19/23,Strained oblique,Activated,03/27/23,04/06/23,05/26/23,Activated
70,Frankie Montas,NYY,SP,02/21/23,Arthroscopic shoulder surgery,Activated,03/27/23,05/26/23,09/29/23,Activated
71,Ben Rortvedt,NYY,C,02/22/23,Shoulder surgery (aneurysm),Activated,03/27/23,04/06/23,05/11/23,Activated
72,Diego Hernandez,KCR,OF,02/25/23,Dislocated shoulder,Activated,03/27/23,05/26/23,07/03/23,Activated
73,Kirby Snead,OAK,RP,02/25/23,Strained shoulder,Activated,03/27/23,05/26/23,06/30/23,Activated
74,Seiya Suzuki,CHC,OF,02/26/23,Strained oblique,Activated,03/27/23,04/06/23,04/14/23,Activated
75,Sam Hentges,CLE,RP,02/26/23,Shoulder inflammation,Activated,03/27/23,04/11/23,05/05/23,Activated
76,Joe Musgrove,SDP,SP,02/27/23,Fractured toe,Activated,03/27/23,04/11/23,04/22/23,Activated
77,Tyler Glasnow,TBR,SP,02/27/23,Strained oblique,Activated,03/27/23,04/11/23,05/27/23,Activated
78,Daniel Bard,COL,RP,Mar '23,Anxiety,Activated,03/28/23,04/12/23,04/19/23,Activated
79,Jared Walsh,LAA,1B,Mar '23,Headaches/insomnia,Activated,03/27/23,04/06/23,05/20/23,Activated
80,José Marte,LAA,RP,Mar '23,Elbow stress reaction,Activated,03/27/23,05/26/23,08/22/23,Activated
81,Stephen Ridings,NYM,RP,Mar '23,Strained lat,Activated,03/27/23,05/26/23,06/15/23,Activated
82,Spencer Howard,TEX,SP,03/01/23,Strained lat,Activated,03/27/23,05/26/23,06/05/23,Activated
83,Kolby Allard,ATL,SP,03/02/23,Strained oblique,Activated,03/27/23,05/26/23,06/28/23,Activated
84,Gilberto Celestino,MIN,OF,03/02/23,Ruptured thumb ligament,Activated,03/27/23,05/26/23,06/18/23,Activated
85,James Paxton,BOS,SP,03/03/23,Strained hamstring,Activated,03/27/23,04/11/23,05/10/23,Activated
86,José Castillo,SDP,RP,03/03/23,Strained shoulder,Activated,03/27/23,04/11/23,05/22/23,Activated
87,Jarlín García,PIT,RP,03/04/23,Biceps discomfort,60-Day IL,03/27/23,05/26/23,,No timetable for return
88,Mitch Haniger,SFG,OF,03/04/23,Strained oblique,Activated,03/27/23,04/06/23,04/24/23,Activated
89,Israel Pineda,WSN,C,03/04/23,Fractured finger,Activated,03/27/23,05/26/23,08/06/23,Activated
90,Carlos Rodón,NYY,SP,03/05/23,Strained forearm,Activated,03/27/23,04/11/23,07/07/23,Activated
91,Leody Taveras,TEX,OF,03/05/23,Strained oblique,Activated,03/27/23,04/06/23,04/12/23,Activated
92,Brendan Rodgers,COL,2B,03/07/23,Shoulder surgery (torn labrum),Activated,03/27/23,05/26/23,07/31/23,Activated
93,Tyler Nevin,DET,INF/OF,03/07/23,Strained oblique,Activated,03/27/23,04/06/23,04/07/23,Activated
94,Tony Gonsolin,LAD,SP,03/07/23,Sprained ankle,Activated,03/27/23,04/11/23,04/26/23,Activated
95,Rafael Marchán,PHI,C,03/07/23,Fractured hand (hamate),Activated,03/27/23,05/26/23,06/20/23,Activated
96,Gavin Lux,LAD,SS,03/08/23,Knee surgery (torn ACL),60-Day IL,03/27/23,05/26/23,,Out for 2023 season
97,Harrison Bader,NYY,OF,03/08/23,Strained oblique,Activated,03/27/23,04/06/23,05/02/23,Activated
98,Freddy Tarnok,OAK,SP,03/08/23,Strained shoulder,Activated,03/27/23,05/26/23,07/08/23,Activated
99,Ranger Suárez,PHI,SP,03/08/23,Elbow inflammation,Activated,03/27/23,04/11/23,05/13/23,Activated
100,Nick Nelson,PHI,RP,03/09/23,Strained hamstring,Activated,03/27/23,04/11/23,05/03/23,Activated
101,Mark Melancon,ARI,RP,03/10/23,Strained shoulder,60-Day IL,03/27/23,05/26/23,,Rehab assignment (9/24)
102,Paul Blackburn,OAK,SP,03/10/23,Fingernail avulsion (right middle),Activated,03/27/23,04/11/23,05/29/23,Activated
103,Noah Song,PHI,SP,03/11/23,Strained lower back,Activated,03/27/23,05/26/23,07/29/23,Activated
104,Manny Piña,OAK,C,03/12/23,Sprained wrist,Activated,03/27/23,05/26/23,07/04/23,Activated
105,Robert Suarez,SDP,RP,03/12/23,Elbow inflammation,Activated,03/27/23,05/26/23,07/20/23,Activated
106,Adrian Morejon,SDP,SP,03/12/23,Sprained elbow,Activated,03/27/23,05/26/23,06/07/23,Activated
107,Raisel Iglesias,ATL,RP,03/13/23,Strained shoulder,Activated,03/27/23,04/11/23,05/05/23,Activated
108,Luke Weaver,CIN,SP,03/13/23,Strained elbow flexor,Activated,03/27/23,04/11/23,04/20/23,Activated
109,Sean Bouchard,COL,OF,03/14/23,Biceps surgery,Activated,03/27/23,05/26/23,08/14/23,Activated
110,Lucas Gilbreath,COL,RP,03/14/23,Tommy John surgery,60-Day IL,03/27/23,05/26/23,,Out for 2023 season
111,Drew Rucinski,OAK,SP,03/14/23,Strained hamstring,Activated,03/27/23,04/11/23,04/28/23,Activated
112,Cristopher Sánchez,PHI,RP,03/14/23,Strained triceps,Activated,03/27/23,04/11/23,04/22/23,Activated
113,Luis González,SFG,OF,03/14/23,Back surgery (herniated disc),Activated,03/27/23,05/26/23,08/07/23,Activated
114,Paul DeJong,STL,INF,03/14/23,Back tightness,Activated,03/27/23,04/06/23,04/23/23,Activated
115,Corbin Martin,ARI,RP,03/15/23,Torn lat tendon,60-Day IL,03/27/23,05/26/23,,No timetable for return
116,Mychal Givens,BAL,RP,03/16/23,Knee inflammation,Activated,03/27/23,04/11/23,05/21/23,Activated
117,Brandon Hughes,CHC,RP,03/16/23,Knee inflammation,Activated,03/27/23,04/11/23,04/15/23,Activated
118,Jose Quintana,NYM,SP,03/16/23,Bone graft surgery (rib),Activated,03/27/23,05/26/23,07/14/23,Activated
119,Edwin Díaz,NYM,RP,03/16/23,Knee surgery (torn patellar tendon),60-Day IL,03/27/23,05/26/23,,Out for 2023 season
120,Dylan Moore,SEA,INF/OF,03/16/23,Strained oblique,Activated,03/27/23,04/06/23,06/06/23,Activated
121,Austin Slater,SFG,OF,03/16/23,Strained hamstring,Activated,03/27/23,04/06/23,04/24/23,Activated
122,Joely Rodríguez,BOS,RP,03/18/23,Strained oblique,Activated,03/27/23,04/11/23,05/15/23,Activated
123,Glenn Otto,TEX,SP,03/18/23,Strained shoulder,Activated,03/27/23,05/26/23,06/30/23,Activated
124,Adam Wainwright,STL,SP,03/19/23,Strained groin,Activated,03/27/23,04/11/23,05/06/23,Activated
125,Carson Kelly,ARI,C,03/20/23,Fractured forearm,Activated,03/27/23,05/26/23,06/12/23,Activated
126,James McCann,BAL,C,03/20/23,Strained oblique,Activated,03/27/23,04/06/23,04/09/23,Activated
127,Michael Lorenzen,DET,SP,03/20/23,Strained groin,Activated,03/27/23,04/11/23,04/15/23,Activated
128,Steven Okert,MIA,RP,03/20/23,Strained groin,Activated,03/27/23,04/11/23,04/21/23,Activated
129,Luis Severino,NYY,SP,03/21/23,Strained lat,Activated,03/27/23,04/11/23,05/21/23,Activated
130,Jose Altuve,HOU,2B,03/22/23,Thumb surgery,Activated,03/27/23,04/06/23,05/19/23,Activated
131,Cade Cavalli,WSN,SP,03/22/23,Tommy John surgery,60-Day IL,03/27/23,05/26/23,,Out for 2023 season
132,Daniel Lynch IV,KCR,SP,03/23/23,Strained shoulder,Activated,03/27/23,04/11/23,05/28/23,Activated
133,Elieser Hernández,NYM,RP,03/23/23,Strained shoulder,Activated,03/27/23,05/26/23,07/03/23,Activated
134,Adam Engel,SDP,OF,03/23/23,Strained hamstring,Activated,03/27/23,04/06/23,05/05/23,Activated
135,Josh Sborz,TEX,RP,03/23/23,Sprained ankle,Activated,03/27/23,04/11/23,04/14/23,Activated
136,Joe Mantiply,ARI,RP,03/24/23,Shoulder inflammation,Activated,03/27/23,04/11/23,04/18/23,Activated
137,Beau Brieske,DET,SP,03/24/23,Elbow discomfort (ulnar nerve entrapment),Activated,03/27/23,05/26/23,07/08/23,Activated
138,Max Stassi,LAA,C,03/25/23,Hip discomfort,Activated,03/27/23,05/26/23,09/03/23,Activated
139,Adrian Houser,MIL,SP,03/25/23,Strained groin,Activated,03/27/23,04/11/23,05/07/23,Activated
140,Mitch White,TOR,SP,03/25/23,Elbow inflammation,Activated,03/27/23,05/26/23,06/09/23,Activated
141,Triston McKenzie,CLE,SP,03/26/23,Strained shoulder (teres major),Activated,03/27/23,05/26/23,06/04/23,Activated
142,Justin Verlander,NYM,SP,03/26/23,Strained shoulder (teres major),Activated,03/28/23,04/12/23,05/04/23,Activated
143,Griffin Canning,LAA,C,03/27/23,Strained groin,Activated,03/27/23,04/11/23,04/12/23,Activated
144,Ryan Pepiot,LAD,SP,03/28/23,Strained oblique,Activated,03/29/23,05/28/23,08/02/23,Activated
145,Bryce Montes de Oca,NYM,RP,03/29/23,Tommy John surgery,60-Day IL,03/27/23,05/26/23,,Out for 2023 season
146,Max Fried,ATL,RP,03/30/23,Strained hamstring,Activated,04/01/23,04/16/23,04/17/23,Activated
147,Luis Urías,MIL,INF,03/30/23,Strained hamstring,Activated,03/31/23,05/30/23,06/05/23,Activated
148,Rhys Hoskins,PHI,1B,03/30/23,Knee surgery (torn ACL),60-Day IL,03/27/23,05/26/23,,Questionable for 2023 season
149,Joey Bart,SFG,C,03/30/23,Strained back,Activated,03/31/23,04/10/23,04/10/23,Activated
150,Lars Nootbaar,STL,OF,03/30/23,Thumb contusion,Activated,03/31/23,04/10/23,04/15/23,Activated
151,Matt Foster,CHW,RP,Apr '23,Tommy John surgery,60-Day IL,03/27/23,05/26/23,,Out for 2023 season
152,Austin Meadows,DET,OF,Apr '23,Anxiety,60-Day IL,04/07/23,06/06/23,,Out for 2023 season
153,Corey Dickerson,WSN,OF,04/01/23,Strained calf,Activated,04/02/23,04/12/23,05/15/23,Activated
154,Joey Wendle,MIA,INF,04/02/23,Strained oblique,Activated,04/03/23,04/13/23,05/07/23,Activated
155,Austin Hedges,PIT,C,04/02/23,Concussion,Activated,04/03/23,04/10/23,04/14/23,Activated
156,Kyle Bradish,BAL,SP,04/03/23,Foot contusion,Activated,04/04/23,04/19/23,04/19/23,Activated
157,Eloy Jiménez,CHW,OF,04/03/23,Strained hamstring,Activated,04/04/23,04/14/23,04/14/23,Activated
158,Johnny Cueto,MIA,SP,04/03/23,Biceps tightness,Activated,04/04/23,06/03/23,07/10/23,Activated
159,Max Kepler,MIN,OF,04/03/23,Knee tendinitis,Activated,04/05/23,04/15/23,04/15/23,Activated
160,Tommy Hunter,NYM,RP,04/03/23,Back spasms,Activated,04/04/23,04/19/23,04/19/23,Activated
161,David Dahl,SDP,OF,04/04/23,Strained quad,Activated,04/06/23,04/16/23,05/18/23,Activated
162,Cole Sulser,ARI,RP,04/05/23,Strained shoulder,Activated,04/06/23,06/05/23,07/30/23,Activated
163,Collin McHugh,ATL,RP,04/05/23,Shoulder inflammation,Activated,04/06/23,04/21/23,04/25/23,Activated
164,Omar Narváez,NYM,C,04/05/23,Strained calf,Activated,04/06/23,06/05/23,06/05/23,Activated
165,Josh Donaldson,NYY,3B,04/05/23,Strained hamstring,Activated,04/06/23,04/16/23,06/01/23,Activated
166,Darick Hall,PHI,1B,04/05/23,Thumb surgery (torn ligament),Activated,04/06/23,06/05/23,06/19/23,Activated
167,Jake Odorizzi,TEX,RP,04/05/23,Arthroscopic shoulder surgery,60-Day IL,03/27/23,05/26/23,,Out for 2023 season
168,Michael Harris II,ATL,OF,04/06/23,Strained lower back,Activated,04/07/23,04/17/23,04/28/23,Activated
169,Aaron Civale,CLE,RP,04/07/23,Strained oblique,Activated,04/08/23,04/23/23,06/02/23,Activated
170,Brandon Woodruff,MIL,SP,04/07/23,Strained shoulder,Activated,04/08/23,06/07/23,08/06/23,Activated
171,Aaron Ashby,MIL,SP,04/07/23,Arthroscopic shoulder surgery,60-Day IL,03/27/23,05/26/23,,Rehab assignment (9/2)
172,Joey Gallo,MIN,OF/1B,04/07/23,Strained oblique,Activated,04/08/23,04/18/23,04/19/23,Activated
173,Andrés Muñoz,SEA,RP,04/07/23,Strained shoulder (deltoid),Activated,04/08/23,04/23/23,06/06/23,Activated
174,Zach Eflin,TBR,SP,04/07/23,Lower back tightness,Activated,04/08/23,04/23/23,04/23/23,Activated
175,Jose Siri,TBR,OF,04/07/23,Strained hamstring,Activated,04/08/23,04/18/23,04/25/23,Activated
176,Zach Davies,ARI,SP,04/08/23,Strained oblique,Activated,04/09/23,04/24/23,05/27/23,Activated
177,Kyle Lewis,ARI,OF,04/08/23,Illness,Activated,04/08/23,04/18/23,06/12/23,Activated
178,Travis d'Arnaud,ATL,C,04/08/23,Concussion,Activated,04/07/23,04/14/23,05/08/23,Activated
179,Joe Kelly,CHW,RP,04/08/23,Strained groin,Activated,04/09/23,04/24/23,04/24/23,Activated
180,Seth Brown,OAK,1B/OF,04/08/23,Strained oblique,Activated,04/09/23,04/19/23,05/22/23,Activated
181,Mitch Garver,TEX,C,04/08/23,Sprained knee,Activated,04/09/23,04/19/23,06/02/23,Activated
182,Adam Duvall,BOS,OF,04/09/23,Fractured wrist,Activated,04/10/23,06/09/23,06/09/23,Activated
183,Yoán Moncada,CHW,3B,04/09/23,Lower back inflammation,Activated,04/11/23,04/21/23,05/12/23,Activated
184,JT Chargois,MIA,RP,04/09/23,Strained oblique,Activated,04/10/23,04/25/23,05/16/23,Activated
185,Oneil Cruz,PIT,SS,04/09/23,Ankle surgery,60-Day IL,04/10/23,06/09/23,,Out for 2023 season
186,Ildemaro Vargas,WSN,INF/OF,04/09/23,Strained shoulder,Activated,04/10/23,04/20/23,05/03/23,Activated
187,Tim Anderson,CHW,SS,04/10/23,Sprained knee,Activated,04/11/23,04/21/23,05/02/23,Activated
188,Germán Márquez,COL,SP,04/10/23,Strained forearm,Activated,04/11/23,04/26/23,04/26/23,Activated
189,Domingo Acevedo,OAK,RP,04/10/23,Strained back,Activated,04/11/23,04/26/23,04/27/23,Activated
190,Matt Manning,DET,SP,04/11/23,Fractured foot (fifth metatarsal),Activated,04/12/23,06/11/23,06/27/23,Activated
191,Joc Pederson,SFG,OF,04/11/23,Wrist inflammation,Activated,04/12/23,04/22/23,04/23/23,Activated
192,Corey Seager,TEX,SS,04/11/23,Strained hamstring,Activated,04/12/23,04/22/23,05/17/23,Activated
193,Lucas Luetge,ATL,RP,04/12/23,Biceps inflammation,Activated,04/14/23,04/29/23,05/19/23,Activated
194,Orlando Arcia,ATL,SS,04/12/23,Microfracture in wrist (left),Activated,04/13/23,04/23/23,05/07/23,Activated
195,Chris Martin,BOS,RP,04/12/23,Shoulder inflammation,Activated,04/13/23,04/28/23,04/30/23,Activated
196,Will Smith,LAD,C,04/12/23,Concussion,Activated,04/13/23,04/20/23,04/28/23,Activated
197,Kyle Farmer,MIN,INF,04/12/23,Facial laceration,Activated,04/13/23,04/23/23,05/10/23,Activated
198,Chase De Jong,PIT,RP,04/12/23,Strained back (lumbar),Activated,04/13/23,04/28/23,05/05/23,Activated
199,JT Brubaker,PIT,SP,04/12/23,Tommy John surgery,60-Day IL,03/27/23,05/26/23,,Out for 2023 season
200,Roberto Pérez,SFG,C,04/12/23,Shoulder surgery (rotator cuff),60-Day IL,04/08/23,06/07/23,,Out for 2023 season
201,Bryce Johnson,SFG,OF,04/12/23,Concussion,Activated,04/13/23,04/20/23,05/08/23,Activated
202,Ryan Thompson,TBR,RP,04/12/23,Strained lat,Activated,04/13/23,04/28/23,04/28/23,Activated
203,Ji Man Choi,PIT,1B,04/13/23,Strained Achilles tendon,Activated,04/14/23,06/13/23,07/07/23,Activated
204,Hanser Alberto,CHW,INF,04/14/23,Strained quad,Activated,04/15/23,04/25/23,05/02/23,Activated
205,Chas McCormick,HOU,OF,04/14/23,Lower back tightness,Activated,04/15/23,04/25/23,05/08/23,Activated
206,Stephen Nogosek,NYM,RP,04/14/23,Elbow contusion,Activated,04/15/23,04/30/23,05/01/23,Activated
207,Sam Haggerty,SEA,OF/INF,04/14/23,Concussion,Activated,04/15/23,04/22/23,04/22/23,Activated
208,Jameson Taillon,CHC,SP,04/15/23,Strained groin,Activated,04/17/23,05/02/23,05/04/23,Activated
209,Trey Wingenter,DET,SP,04/15/23,Shoulder tendinitis,Activated,04/19/23,06/18/23,07/10/23,Activated
210,Ryan Tepera,LAA,RP,04/15/23,Shoulder inflammation,Activated,04/16/23,05/01/23,05/02/23,Activated
211,Gus Varland,MIL,RP,04/15/23,Hand contusion,Activated,04/16/23,05/01/23,05/09/23,Activated
212,Carlos Carrasco,NYM,SP,04/15/23,Bone chip in elbow,Activated,04/16/23,05/01/23,05/19/23,Activated
213,Giancarlo Stanton,NYY,OF,04/15/23,Strained hamstring,Activated,04/16/23,04/26/23,06/01/23,Activated
214,Rob Zastryzny,PIT,RP,04/15/23,Elbow discomfort,Activated,04/16/23,05/01/23,05/19/23,Activated
215,Ramón Laureano,OAK,OF,04/16/23,Strained hamstring,Activated,04/17/23,04/27/23,04/29/23,Activated
216,Dany Jiménez,OAK,RP,04/16/23,Strained shoulder,Activated,04/17/23,06/16/23,08/05/23,Activated
217,Wil Crowe,PIT,RP,04/17/23,Shoulder discomfort,Activated,04/23/23,06/22/23,07/19/02,Activated
218,Miguel Rojas,LAD,SS,04/18/23,Strained hamstring,Activated,04/19/23,04/29/23,05/01/23,Activated
219,Trevor May,OAK,RP,04/18/23,Anxiety,Activated,04/19/23,05/04/23,05/23/23,Activated
220,Nabil Crismatt,SDP,RP,04/18/23,Strained hip,Activated,04/19/23,05/04/23,06/16/23,Activated
221,Alex Wood,SFG,SP,04/18/23,Strained hamstring,Activated,04/19/23,05/04/23,05/12/23,Activated
222,Trevor Rogers,MIA,SP,04/19/23,Strained biceps,60-Day IL,04/20/23,06/19/23,,No timetable for return
223,Michael Grove,LAD,SP,04/20/23,Strained groin,Activated,04/21/23,05/06/23,06/03/23,Activated
224,Andrew Bellatti,PHI,RP,04/20/23,Triceps tendinitis,Activated,04/21/23,05/06/23,05/10/23,Activated
225,Garrett Whitlock,BOS,SP,04/22/23,Elbow discomfort (ulnar neuritis),Activated,04/25/23,05/10/23,05/27/23,Activated
226,Edwin Uceta,NYM,RP,04/22/23,Sprained ankle,Activated,04/23/23,06/22/23,08/13/23,Activated
227,Adrián Martínez,OAK,SP,04/22/23,Strained elbow,Activated,04/23/23,05/08/23,05/15/23,Activated
228,J.D. Martinez,LAD,DH,04/23/23,Lower back tightness,Activated,04/25/23,05/05/23,05/11/23,Activated
229,Matt Bush,MIL,RP,04/23/23,Shoulder tendinitis (rotator cuff),Activated,04/24/23,05/09/23,06/23/23,Activated
230,Darin Ruf,SFG,1B/OF,04/23/23,Wrist inflammation,Activated,04/24/23,05/04/23,05/09/23,Activated
231,Adam Cimber,TOR,RP,04/23/23,Strained upper back (rhomboid),Activated,04/24/23,05/09/23,05/23/23,Activated
232,Jeffrey Springs,TBR,SP,04/24/23,Tommy John surgery,60-Day IL,04/15/23,06/14/23,,Out for 2023 season
233,Logan O'Hoppe,LAA,C,04/25/23,Shoulder surgery (torn labrum),Activated,04/21/23,06/20/23,08/18/23,Activated
234,Brandon Hughes,CHC,RP,04/26/23,Knee inflammation,Activated,04/27/23,05/12/23,05/12/23,Activated
235,Wil Myers,CIN,1B/OF,04/26/23,COVID-19,Activated,04/26/23,05/06/23,05/06/23,Activated
236,Kris Bubic,KCR,SP,04/26/23,Tommy John surgery,60-Day IL,04/16/23,06/15/23,,Out for 2023 season
237,Kenta Maeda,MIN,SP,04/26/23,Strained triceps,Activated,04/27/23,05/12/23,06/23/23,Activated
238,Yu Chang,BOS,INF,04/27/23,Hand surgery (fractured hamate),Activated,04/25/23,06/24/23,07/07/23,Activated
239,Kerry Carpenter,DET,OF,04/27/23,Sprained shoulder,Activated,04/28/23,05/08/23,06/09/23,Activated
240,Brooks Raley,NYM,RP,04/27/23,Elbow inflammation,Activated,04/28/23,05/13/23,05/14/23,Activated
241,Aaron Judge,NYY,OF,04/27/23,Strained hip,Activated,04/28/23,05/08/23,05/09/23,Activated
242,Fernando Cruz,CIN,RP,04/28/23,Strained shoulder,Activated,04/29/23,05/14/23,05/26/23,Activated
243,Avisaíl García,MIA,OF,04/28/23,Back tightness,Activated,04/29/23,05/09/23,07/30/23,Activated
244,Pete Fairbanks,TBR,RP,04/28/23,Strained forearm,Activated,04/30/23,05/15/23,05/15/23,Activated
245,Noah Davis,COL,SP,04/29/23,Elbow inflammation,Activated,04/30/23,05/15/23,06/01/23,Activated
246,Aledmys Díaz,OAK,INF/OF,04/29/23,Strained hamstring,Activated,04/30/23,05/10/23,05/14/23,Activated
247,Brandon Crawford,SFG,SS,04/29/23,Strained calf,Activated,04/30/23,05/10/23,05/14/23,Activated
248,Chad Kuhl,WSN,SP,04/29/23,Foot metatarsalgia,Activated,04/30/23,05/15/23,05/20/23,Activated
249,Romy Gonzalez,CHW,INF/OF,04/30/23,Shoulder inflammation,Activated,05/01/23,05/11/23,05/13/23,Activated
250,José Urquidy,HOU,SP,04/30/23,Shoulder discomfort,Activated,05/01/23,06/30/23,08/06/23,Activated
251,Garrett Cooper,MIA,1B,04/30/23,Inner ear infection,Activated,05/01/23,05/11/23,05/14/23,Activated
252,Mike Yastrzemski,SFG,OF,04/30/23,Strained hamstring,Activated,05/01/23,05/11/23,05/15/23,Activated
253,Ehire Adrianza,ATL,INF/OF,05/01/23,Elbow inflammation,Activated,05/02/23,07/01/23,09/25/23,Activated
254,Yan Gomes,CHC,C,05/01/23,Concussion,Activated,05/02/23,05/09/23,05/10/23,Activated
255,Nicky Lopez,KCR,INF,05/01/23,Appendicitis,Activated,04/30/23,05/10/23,05/22/23,Activated
256,Tim Locastro,NYM,OF,May '23,Thumb surgery (torn ligament),Activated,04/17/23,06/16/23,08/12/23,Activated
257,Sam Coonrod,NYM,SP,May '23,Strained lat,Activated,03/27/23,05/26/23,08/14/23,Activated
258,Cristian Pache,PHI,OF,05/01/23,Knee surgery (torn meniscus),Activated,04/29/23,05/14/23,06/16/23,Activated
259,Easton McGee,SEA,SP,May '23,Strained forearm,60-Day IL,04/30/23,06/29/23,,Out for 2023 season
260,Zack Kelly,BOS,RP,05/02/23,Elbow surgery (ulnar nerve transposition),60-Day IL,04/13/23,06/12/23,,Rehab assignment (9/1)
261,Caleb Thielbar,MIN,RP,05/02/23,Strained oblique,Activated,05/03/23,05/18/23,06/04/23,Activated
262,Jonathan Loáisiga,NYY,RP,05/02/23,Elbow surgery (bone chip removal),Activated,04/06/23,06/05/23,08/07/23,Activated
263,José Azocar,SDP,OF,05/02/23,Elbow inflammation,Activated,05/03/23,05/13/23,05/20/23,Activated
264,Kyle Wright,ATL,SP,05/03/23,Strained shoulder,Activated,05/04/23,07/03/23,09/11/23,Activated
265,Kutter Crawford,BOS,SP,05/03/23,Strained hamstring,Activated,05/04/23,05/19/23,05/19/23,Activated
266,Jake Burger,CHW,3B,05/03/23,Strained oblique,Activated,05/04/23,05/14/23,05/14/23,Activated
267,Dinelson Lamet,COL,SP,05/03/23,Lower back tightness,Activated,05/04/23,05/19/23,05/31/23,Activated
268,Garrett Mitchell,MIL,OF,05/03/23,Shoulder surgery,Activated,04/19/23,06/18/23,09/28/23,Activated
269,Lou Trivino,NYY,RP,05/03/23,Tommy John surgery,60-Day IL,03/27/23,05/26/23,,Out for 2023 season
270,Oswald Peraza,NYY,INF,05/03/23,Sprained ankle,Activated,05/06/23,05/16/23,05/20/23,Activated
271,Robbie Ray,SEA,SP,05/03/23,Tommy John surgery,15-Day IL,04/01/23,04/16/23,,Out for 2023 season
272,Penn Murfee,SEA,RP,05/03/23,Elbow inflammation,Activated,05/04/23,05/19/23,06/09/23,Activated
273,Wilking Rodríguez,STL,RP,05/03/23,Arthroscopic shoulder surgery,60-Day IL,03/27/23,05/26/23,,Rehab assignment (8/31)
274,Billy Hamilton,CHW,OF,05/04/23,Strained hamstring,Activated,05/07/23,05/17/23,06/14/23,Activated
275,Kyle Isbel,KCR,OF,05/04/23,Strained hamstring,Activated,05/05/23,05/15/23,06/27/23,Activated
276,Aaron Loup,LAA,RP,05/04/23,Strained hamstring,Activated,05/05/23,05/20/23,05/21/23,Activated
277,Vince Velasquez,PIT,SP,05/04/23,Elbow inflammation,Activated,05/05/23,05/20/23,05/27/23,Activated
278,Tyler O'Neill,STL,OF,05/04/23,Strained lower back,Activated,05/05/23,07/04/23,07/20/23,Activated
279,Jake Woodford,STL,SP,05/04/23,Shoulder inflammation,Activated,05/05/23,05/20/23,06/09/23,Activated
280,Zach Pop,TOR,RP,05/04/23,Strained hamstring,Activated,05/05/23,05/20/23,07/09/23,Activated
281,Adrian Sampson,CHC,SP,05/05/23,Knee surgery,Activated,05/15/23,07/14/23,07/24/23,Activated
282,Heliot Ramos,SFG,OF,05/05/23,Strained oblique,Activated,05/19/23,07/18/23,07/18/23,Activated
283,Max Fried,ATL,RP,05/06/23,Strained forearm,Activated,05/07/23,07/06/23,08/04/23,Activated
284,Christian Arroyo,BOS,INF/OF,05/06/23,Strained hamstring,Activated,05/07/23,05/17/23,06/05/23,Activated
285,Eloy Jiménez,CHW,OF,05/06/23,Appendectomy,Activated,05/06/23,05/16/23,05/28/23,Activated
286,Nick Lodolo,CIN,SP,05/06/23,Stress reaction in leg,60-Day IL,05/11/23,07/10/23,,Out for 2023 season
287,Spencer Turnbull,DET,SP,05/06/23,Neck discomfort,Activated,05/07/23,07/06/23,08/23/23,Activated
288,Chad Wallach,LAA,C,05/06/23,Concussion,Activated,05/07/23,05/14/23,05/15/23,Activated
289,Victor Robles,WSN,OF,05/06/23,Back spasms,Activated,05/07/23,05/17/23,06/16/23,Activated
290,Ryan Yarbrough,KCR,SP,05/07/23,Facial fractures,Activated,05/08/23,07/07/23,07/09/23,Activated
291,José Suarez,LAA,SP,05/07/23,Strained shoulder,Activated,05/08/23,07/07/23,09/11/23,Activated
292,Jimmy Yacabonis,NYM,RP,05/07/23,Strained quad,Activated,05/08/23,05/23/23,05/30/23,Activated
293,Mason Miller,OAK,SP,05/07/23,Strained forearm,Activated,05/08/23,07/07/23,09/06/23,Activated
294,José Alvarado,PHI,RP,05/07/23,Elbow inflammation,Activated,05/08/23,05/23/23,06/09/23,Activated
295,Garrett Cleavinger,TBR,RP,05/07/23,Sprained knee,60-Day IL,05/08/23,07/07/23,,Questionable for 2023 season
296,Travis Jankowski,TEX,OF,05/07/23,Strained hamstring,Activated,05/08/23,05/18/23,05/27/23,Activated
297,Joe Mantiply,ARI,RP,05/08/23,Strained hamstring,Activated,05/09/23,05/24/23,06/12/23,Activated
298,Ramón Urías,BAL,INF,05/08/23,Strained hamstring,Activated,05/09/23,05/19/23,05/26/23,Activated
299,Nico Hoerner,CHC,2B,05/08/23,Strained hamstring,Activated,05/09/23,05/19/23,05/19/23,Activated
300,Nick Mears,COL,RP,05/09/23,Strained oblique,Activated,05/12/23,05/27/23,06/03/23,Activated
301,A.J. Puk,MIA,RP,05/10/23,Elbow nerve irritation,Activated,05/11/23,05/26/23,06/06/23,Activated
302,Tomás Nido,NYM,C,05/10/23,Dry eye syndrome,Activated,05/07/23,05/17/23,05/25/23,Activated
303,Austin Slater,SFG,OF,05/10/23,Strained hamstring,Activated,05/11/23,05/21/23,05/29/23,Activated
304,TJ Friedl,CIN,OF,05/11/23,Strained oblique,Activated,05/12/23,05/22/23,05/23/23,Activated
305,Max Kepler,MIN,OF,05/11/23,Strained hamstring,Activated,05/13/23,05/23/23,05/29/23,Activated
306,Elvis Andrus,CHW,2B,05/12/23,Strained oblique,Activated,05/13/23,05/23/23,06/02/23,Activated
307,Germán Márquez,COL,SP,05/12/23,Tommy John surgery,60-Day IL,04/27/02,06/26/02,,Out for 2023 season
308,Luis Campusano,SDP,C,05/12/23,Thumb surgery,Activated,04/15/23,06/14/23,07/18/23,Activated
309,Joc Pederson,SFG,OF,05/12/23,Hand contusion,Activated,05/13/23,05/23/23,06/06/23,Activated
310,Brad Boxberger,CHC,RP,05/13/23,Strained forearm,Activated,05/14/23,07/13/23,09/08/23,Activated
311,Casey Legumina,CIN,RP,05/13/23,Ankle contusion,Activated,05/14/23,05/29/23,06/11/23,Activated
312,Ryan Feltner,COL,SP,05/13/23,Skull fracture,Activated,05/14/23,07/13/23,09/19/23,Activated
313,Anthony Rendon,LAA,3B,05/13/23,Strained groin,Activated,05/14/23,05/24/23,06/06/23,Activated
314,Jesús Sánchez,MIA,OF,05/13/23,Strained hamstring,Activated,05/14/23,05/24/23,05/30/23,Activated
315,Jazz Chisholm Jr.,MIA,OF,05/13/23,Turf toe,Activated,05/14/23,05/24/23,06/26/23,Activated
316,Luke Voit,MIL,1B,05/13/23,Strained neck,Activated,05/14/23,05/24/23,05/29/23,Activated
317,C.J. Cron,COL,1B,05/14/23,Back spasms,Activated,05/15/23,05/25/23,06/26/23,Activated
318,Jorge Alcala,MIN,RP,05/14/23,"Radial stress fracture, forearm)",Activated,05/15/23,07/14/23,10/01/23,Activated
319,Dylan Carlson,STL,OF,05/14/23,Sprained ankle,Activated,05/15/23,05/25/23,06/09/23,Activated
320,John Schreiber,BOS,RP,05/15/23,Strained lat,Activated,05/16/23,07/15/23,07/25/23,Activated
321,Cody Bellinger,CHC,OF,05/15/23,Knee contusion,Activated,05/16/23,05/26/23,06/15/23,Activated
322,Brad Keller,KCR,RP,05/15/23,Shoulder impingement,Activated,05/16/23,07/15/23,09/09/23,Activated
323,Manny Machado,SDP,3B,05/15/23,Fractured hand,Activated,05/16/23,05/26/23,06/02/23,Activated
324,Dylan Lee,ATL,RP,05/16/23,Shoulder inflammation,Activated,05/17/23,07/16/23,09/01/23,Activated
325,Derek Law,CIN,RP,05/16/23,Sprained elbow,Activated,05/17/23,06/01/23,07/02/23,Activated
326,Peyton Battenfield,CLE,SP,05/16/23,Shoulder inflammation,Activated,05/17/23,07/16/23,08/03/23,Activated
327,Wade Miley,MIL,SP,05/16/23,Strained lat,Activated,05/17/23,06/01/23,06/17/23,Activated
328,J.B. Bukauskas,MIL,RP,05/16/23,Strained neck,Activated,05/17/23,06/01/23,06/13/23,Activated
329,Ian Hamilton,NYY,RP,05/16/23,Strained groin,Activated,05/17/23,06/01/23,06/28/23,Activated
330,Zach Jackson,OAK,RP,05/16/23,Strained elbow flexor,60-Day IL,05/17/23,07/16/23,,Rehab assignment (7/26)
331,Seth Lugo,SDP,SP,05/16/23,Strained calf,Activated,05/17/23,06/01/23,06/20/23,Activated
332,Mike Clevinger,CHW,SP,05/17/23,Wrist inflammation,Activated,05/18/23,06/02/23,06/02/23,Activated
333,José Quijada,LAA,RP,05/17/23,Tommy John surgery,60-Day IL,04/28/23,06/27/23,,Out for 2023 season
334,Austin Warren,LAA,RP,05/17/23,Tommy John surgery,60-Day IL,04/24/23,06/23/23,,Out for 2023 season
335,Jorge Polanco,MIN,2B,05/17/23,Strained hamstring,Activated,05/18/23,05/28/23,06/01/23,Activated
336,Nick Gordon,MIN,INF/OF,05/17/23,Fractured shin,60-Day IL,05/18/23,07/17/23,,Rehab assignment (9/14)
337,Jose Trevino,NYY,C,05/17/23,Strained hamstring,Activated,05/18/23,05/28/23,05/30/23,Activated
338,Ross Stripling,SFG,SP,05/17/23,Strained lower back,Activated,05/18/23,06/02/23,06/25/23,Activated
339,Joey Bart,SFG,C,05/17/23,Strained groin,Activated,05/18/23,05/28/23,06/10/23,Activated
340,Julio Urías,LAD,SP,05/18/23,Strained hamstring,Activated,05/19/23,06/03/23,07/01/23,Activated
341,Anthony Misiewicz,ARI,RP,05/19/23,Strained calf,Activated,05/20/23,06/04/23,06/10/23,Activated
342,Henry Ramos,CIN,OF,05/19/23,Strained hip,Activated,05/20/23,05/30/23,06/13/23,Activated
343,Luis Garcia,HOU,SP,05/19/23,Tommy John surgery,60-Day IL,05/02/23,07/01/23,,Out for 2023 season
344,Thomas Szapucki,SFG,SP,05/19/23,Thoracic outlet syndrome surgery,60-Day IL,03/27/23,05/26/23,,Out for 2023 season
345,Tyler Cyr,LAD,RP,05/20/23,Shoulder impingement,60-Day IL,05/21/23,07/20/23,,Rehab assignment (8/12)
346,Eric Lauer,MIL,SP,05/20/23,Shoulder impingement,Activated,05/21/23,06/05/23,06/14/23,Activated
347,Santiago Espinal,TOR,INF,05/20/23,Strained hamstring,Activated,05/21/23,05/31/23,06/06/23,Activated
348,Richard Bleier,BOS,RP,05/21/23,Shoulder inflammation,Activated,05/22/23,06/06/23,07/17/23,Activated
349,Tyler Mahle,MIN,SP,05/22/23,Tommy John surgery,60-Day IL,04/30/23,06/29/23,,Out for 2023 season
350,Trevor Larnach,MIN,OF,05/22/23,Pneumonia,Activated,05/22/23,06/01/23,06/06/23,Activated
351,Evan White,SEA,1B,05/22/23,Hip surgery,60-Day IL,04/09/23,06/08/23,,Questionable for 2023 season
352,Zack Littell,TBR,RP,05/22/23,Shoulder fatigue,Activated,05/23/23,06/07/23,06/14/23,Activated
353,Michael Tonkin,ATL,RP,05/23/23,Strained neck,Activated,05/24/23,06/08/23,06/08/23,Activated
354,Wil Myers,CIN,OF/1B,05/23/23,Kidney stones,Activated,05/24/23,06/03/23,06/20/23,Activated
355,Connor Overton,CIN,SP,05/23/23,Tommy John surgery,60-Day IL,04/15/23,06/14/23,,Out for 2023 season
356,Matt Moore,LAA,RP,05/23/23,Strained oblique,Activated,05/25/23,06/09/23,07/14/23,Activated
357,Drew Pomeranz,SDP,RP,05/23/23,Arthroscopic elbow surgery,60-Day IL,03/27/23,05/26/23,,Out for 2023 season
358,Ezequiel Duran,TEX,INF/OF,05/23/23,Strained oblique,Activated,05/24/23,06/03/23,06/03/23,Activated
359,Nick Burdi,CHC,RP,05/24/23,Appendicitis,60-Day IL,05/21/23,07/20/23,,Rehab assignment (8/30)
360,Luis García,SDP,RP,05/24/23,Strained oblique,Activated,05/25/23,06/09/23,06/10/23,Activated
361,Danny Jansen,TOR,C,05/24/23,Strained groin,Activated,05/25/23,06/04/23,06/13/23,Activated
362,Thairo Estrada,SFG,INF,05/25/23,Sprained wrist,Activated,05/26/23,06/05/23,06/06/23,Activated
363,Willy Adames,MIL,SS,05/26/23,Concussion,Activated,05/27/23,06/03/23,06/07/23,Activated
364,Brad Miller,TEX,INF/OF,05/26/23,Strained oblique,Activated,05/31/23,06/10/23,06/30/23,Activated
365,Jimmy Lambert,CHW,RP,05/27/23,Ankle inflammation,Activated,05/28/23,06/12/23,06/20/23,Activated
366,Jesse Winker,MIL,OF,05/27/23,Strained neck,Activated,05/28/23,06/07/23,06/17/23,Activated
367,Eduardo Rodriguez,DET,SP,05/28/23,Ruptured finger pulley,Activated,05/29/23,06/13/23,07/05/23,Activated
368,Matt Vierling,DET,OF/INF,05/28/23,Lower back soreness,Activated,05/29/23,06/08/23,06/12/23,Activated
369,Pete Fairbanks,TBR,RP,05/28/23,Hip inflammation,Activated,05/27/23,06/11/23,06/15/23,Activated
370,Josh Fleming,TBR,SP,05/28/23,Elbow inflammation,Activated,06/03/23,08/02/23,08/12/23,Activated
371,Cedric Mullins,BAL,OF,05/29/23,Strained groin,Activated,05/30/23,06/09/23,06/24/23,Activated
372,Amir Garrett,KCR,RP,05/29/23,Elbow valgus extension overload,Activated,05/30/23,06/14/23,06/30/23,Activated
373,Harrison Bader,NYY,OF,05/29/23,Strained hamstring,Activated,05/30/23,06/09/23,06/20/23,Activated
374,Lars Nootbaar,STL,OF,05/29/23,Lower back contusion,Activated,05/30/23,06/09/23,06/19/23,Activated
375,TJ Friedl,CIN,OF,05/30/23,Strained hamstring,Activated,05/31/23,06/10/23,06/10/23,Activated
376,Cal Quantrill,CLE,SP,05/30/23,Shoulder inflammation,Activated,05/31/23,06/15/23,06/30/23,Activated
377,Kris Bryant,COL,OF,05/30/23,Heel contusion,Activated,05/31/23,06/10/23,06/30/23,Activated
378,Alex Faedo,DET,SP,05/30/23,Finger discomfort (right middle),Activated,05/31/23,06/15/23,07/07/23,Activated
379,Riley Greene,DET,OF,05/30/23,Stress reaction in leg (fibula),Activated,05/31/23,06/10/23,07/08/23,Activated
380,Cole Sands,MIN,RP,05/30/23,Shoulder impingement,Activated,06/01/23,06/16/23,07/05/23,Activated
381,Nestor Cortes,NYY,SP,05/30/23,Strained shoulder (rotator cuff),Activated,06/05/23,08/04/23,08/05/23,Activated
382,Alec Bohm,PHI,3B,05/30/23,Strained hamstring,Activated,05/31/23,06/10/23,06/11/23,Activated
383,Joe Barlow,TEX,RP,05/30/23,Kidney stones,Activated,05/29/23,06/08/23,06/14/23,Activated
384,Mychal Givens,BAL,RP,05/31/23,Shoulder inflammation,Activated,06/01/23,07/31/23,08/13/23,Activated
385,Justin Steele,CHC,SP,05/31/23,Strained forearm,Activated,06/01/23,06/16/23,06/17/23,Activated
386,Nelson Cruz,SDP,DH,05/31/23,Strained hamstring,Activated,06/01/23,06/11/23,06/13/23,Activated
387,Alex Wood,SFG,SP,05/31/23,Strained lower back,Activated,06/01/23,06/16/23,06/17/23,Activated
388,Chris Sale,BOS,SP,06/01/23,Shoulder inflammation,Activated,06/02/23,08/01/23,08/11/23,Activated
389,Alex Reyes,LAD,RP,Jun '23,Shoulder surgery,60-Day IL,03/27/23,05/26/23,,Out for 2023 season
390,Joey Gallo,MIN,OF/1B,06/01/23,Strained hamstring,Activated,06/02/23,06/12/23,06/13/23,Activated
391,Byron Buxton,MIN,OF,06/01/23,Rib contusion,Activated,06/03/23,06/13/23,06/15/23,Activated
392,Penn Murfee,SEA,RP,Jun '23,Elbow surgery (UCL),60-Day IL,06/12/23,08/11/23,,Out for 2023 season
393,Víctor Arano,WSN,RP,Jun '23,Shoulder surgery,60-Day IL,03/27/23,05/26/23,,Questionable for 2023 season
394,Ryan Rolison,COL,SP,06/02/23,TBD,60-Day IL,07/14/23,09/12/23,,No timetable for return
395,Phil Bickford,LAD,RP,06/02/23,Lower back tightness,Activated,06/03/23,06/18/23,06/23/23,Activated
396,Darin Ruf,MIL,1B/OF,06/02/23,Knee laceration,60-Day IL,06/03/23,08/02/23,,Rehab assignment (9/12)
397,Tyrone Taylor,MIL,OF,06/02/23,Sprained elbow,Activated,06/01/23,06/11/23,07/14/23,Activated
398,Ryan Weber,NYY,RP,06/02/23,Strained forearm,60-Day IL,06/03/23,08/02/23,,No timetable for return
399,Greg Allen,NYY,OF,06/02/23,Strained hip flexor,Activated,06/03/23,06/13/23,07/23/23,Activated
400,Joely Rodríguez,BOS,RP,06/03/23,Shoulder inflammation,Activated,06/01/23,06/16/23,07/08/23,Activated
401,Edwin Ríos,CHC,1B/3B,06/03/23,Strained groin,Activated,06/04/23,06/14/23,06/17/23,Activated
402,Trayce Thompson,CHW,OF,06/03/23,Strained oblique,Activated,06/04/23,08/03/23,08/03/23,Activated
403,Charlie Blackmon,COL,OF,06/03/23,Fractured hand,Activated,06/11/23,06/21/23,08/14/23,Activated
404,Jake Cousins,MIL,RP,06/03/23,Shoulder inflammation,Activated,06/04/23,06/19/23,07/31/23,Activated
405,Aaron Judge,NYY,OF,06/03/23,Torn toe ligament,Activated,06/04/23,06/14/23,07/28/23,Activated
406,Brandon Lowe,TBR,2B,06/03/23,Lower back inflammation,Activated,06/04/23,06/14/23,07/04/23,Activated
407,Nick Senzel,CIN,INF/OF,06/04/23,Knee discomfort,Activated,06/05/23,06/15/23,06/16/23,Activated
408,Caleb Thielbar,MIN,RP,06/04/23,Strained oblique,Activated,06/06/23,06/21/23,07/30/23,Activated
409,Trevor Gott,SEA,RP,06/04/23,Lower back spasms,Activated,06/05/23,06/20/23,06/27/23,Activated
410,Freddy Pacheco,DET,RP,06/05/23,Tommy John surgery,60-Day IL,03/27/23,05/26/23,,Out for 2023 season
411,Calvin Faucher,TBR,RP,06/05/23,Elbow inflammation,Activated,06/06/23,06/21/23,06/27/23,Activated
412,Jake Fraley,CIN,OF,06/07/23,Wrist contusion,Activated,06/08/23,06/18/23,06/18/23,Activated
413,Noah Syndergaard,CLE,SP,06/07/23,Blister on finger (right index) ,Activated,06/08/23,06/23/23,07/31/23,Activated
414,Bennett Sousa,MIL,RP,06/07/23,Shoulder nerve irritation,Activated,06/08/23,08/07/23,08/07/23,Activated
415,Pete Alonso,NYM,1B,06/07/23,Sprained wrist / bone bruise,Activated,06/08/23,06/18/23,06/18/23,Activated
416,Ryan Helsley,STL,RP,06/07/23,Strained forearm,Activated,06/09/23,08/08/23,09/01/23,Activated
417,Graham Ashcraft,CIN,SP,06/08/23,Calf contusion,Activated,06/09/23,06/24/23,06/24/23,Activated
418,Yordan Alvarez,HOU,OF,06/08/23,Strained oblique,Activated,06/09/23,06/19/23,07/26/23,Activated
419,Jorge Polanco,MIN,2B,06/08/23,Strained hamstring,Activated,06/09/23,06/19/23,07/28/23,Activated
420,Ryan Mountcastle,BAL,1B,06/09/23,Vertigo,Activated,06/10/23,06/20/23,07/09/23,Activated
421,Akil Baddoo,DET,OF,06/09/23,Strained quad,Activated,06/10/23,06/20/23,07/07/23,Activated
422,Ben Joyce,LAA,RP,06/09/23,Ulnar neuritis,Activated,06/10/23,08/09/23,09/10/23,Activated
423,Vince Velasquez,PIT,SP,06/09/23,Elbow surgery,60-Day IL,05/28/23,07/27/23,,Out for 2023 season
424,Triston McKenzie,CLE,SP,06/10/23,Sprained elbow,Activated,06/14/23,08/13/23,09/24/23,Activated
425,Brandon Belt,TOR,1B,06/10/23,Strained hamstring,Activated,06/11/23,06/21/23,06/21/23,Activated
426,Max Muncy,LAD,3B,06/11/23,Strained hamstring,Activated,06/13/23,06/23/23,06/27/23,Activated
427,Ramón Laureano,OAK,OF,06/11/23,Fractured hand,Activated,06/22/23,07/02/23,07/25/23,Activated
428,Jacob deGrom,TEX,SP,06/12/23,Tommy John surgery,60-Day IL,04/29/23,06/28/23,,Out for 2023 season
429,Austin Voth,BAL,RP,06/13/23,Elbow discomfort,Activated,06/14/23,08/13/23,08/23/23,Activated
430,Yoán Moncada,CHW,3B,06/13/23,Lower back inflammation,Activated,06/14/23,06/24/23,07/25/23,Activated
431,Lance McCullers Jr.,HOU,SP,06/13/23,Elbow surgery (flexor tendon/bone spur),60-Day IL,03/27/23,05/26/23,,Out for 2023 season
432,Edward Cabrera,MIA,SP,06/13/23,Strained oblique,Activated,06/14/23,06/29/23,07/18/23,Activated
433,Alex Cobb,SFG,SP,06/13/23,Strained oblique,Activated,06/15/23,06/30/23,06/30/23,Activated
434,Jesse Chavez,ATL,RP,06/14/23,Shin contusion,Activated,06/15/23,08/14/23,09/19/23,Activated
435,Mike Clevinger,CHW,SP,06/14/23,Biceps inflammation,Activated,06/15/23,06/30/23,07/29/23,Activated
436,Michael Massey,KCR,2B,06/14/23,Finger laceration,Activated,06/15/23,06/25/23,07/04/23,Activated
437,Zach Neto,LAA,SS,06/14/23,Strained oblique,Activated,06/15/23,06/25/23,07/14/23,Activated
438,Jean Segura,MIA,3B,06/14/23,Strained hamstring,Activated,06/15/23,06/25/23,06/26/23,Activated
439,Colin Holderman,PIT,RP,06/14/23,Wrist inflammation,Activated,06/15/23,06/30/23,06/30/23,Activated
440,Garrett Crochet,CHW,RP,06/15/23,Shoulder inflammation,Activated,06/17/23,07/02/23,09/20/23,Activated
441,Anthony Rendon,LAA,3B,06/15/23,Wrist contusion,Activated,06/16/23,06/26/23,06/30/23,Activated
442,Gio Urshela,LAA,INF,06/15/23,Fractured pelvis,60-Day IL,06/16/23,08/15/23,,Out for 2023 season
443,Richard Lovelady,OAK,RP,06/15/23,Strained elbow,Activated,06/16/23,07/01/23,07/02/23,Activated
444,Kevin Smith,OAK,INF,06/15/23,Strained back,Activated,06/16/23,06/26/23,08/05/23,Activated
445,Seranthony Domínguez,PHI,RP,06/15/23,Strained oblique,Activated,06/16/23,07/01/23,07/25/23,Activated
446,Rob Zastryzny,PIT,RP,06/15/23,Forearm inflammation,Activated,06/16/23,07/01/23,07/07/23,Activated
447,Tom Cosgrove,SDP,RP,06/15/23,Strained hamstring,Activated,06/16/23,07/01/23,07/01/23,Activated
448,Mitch Haniger,SFG,OF,06/15/23,Forearm surgery (fracture),Activated,06/14/23,08/13/23,08/29/23,Activated
449,Patrick Wisdom,CHC,INF/OF,06/16/23,Sprained wrist,Activated,06/17/23,06/27/23,07/04/23,Activated
450,Preston Tucker,SDP,OF,06/16/23,Plantar fascitis,Activated,06/18/23,06/28/23,08/01/23,Activated
451,Wilmer Flores,SFG,INF,06/16/23,Foot contusion,Activated,06/17/23,06/27/23,06/27/23,Activated
452,John Brebbia,SFG,RP,06/16/23,Strained lat,Activated,06/17/23,08/16/23,09/05/23,Activated
453,James McCann,BAL,C,06/17/23,Sprained ankle,Activated,06/18/23,06/28/23,07/04/23,Activated
454,Hunter Greene,CIN,SP,06/17/23,Hip discomfort,Activated,06/18/23,08/17/23,08/20/23,Activated
455,Jose E. Hernandez,PIT,RP,06/17/23,Strained calf,Activated,06/18/23,07/03/23,07/21/23,Activated
456,Jorge López,MIN,RP,06/18/23,Mental health,Activated,06/16/23,07/01/23,07/04/23,Activated
457,Scott Alexander,SFG,RP,06/18/23,Strained hamstring,Activated,06/19/23,07/04/23,07/04/23,Activated
458,Adam Cimber,TOR,RP,06/18/23,Shoulder impingement,60-Day IL,06/21/23,08/20/23,,Rehab assignment (9/16)
459,Alejandro Kirk,TOR,C,06/18/23,Hand laceration,Activated,06/19/23,06/29/23,06/29/23,Activated
460,Bryan Reynolds,PIT,OF,06/19/23,Lower back inflammation,Activated,06/20/23,06/30/23,07/02/23,Activated
461,Carl Edwards Jr.,WSN,RP,06/19/23,Shoulder inflammation,60-Day IL,06/20/23,08/19/23,,Questionable for 2023 season
462,Corey Kluber,BOS,SP,06/20/23,Shoulder inflammation,60-Day IL,06/21/23,08/20/23,,Out for 2023 season
463,Ben Lively,CIN,SP,06/20/23,Strained pectoral,Activated,06/21/23,07/06/23,07/09/23,Activated
464,Casey Legumina,CIN,RP,06/20/23,Shoulder discomfort,Activated,06/21/23,07/06/23,08/07/23,Activated
465,Brent Suter,COL,RP,06/20/23,Strained oblique,Activated,06/21/23,07/06/23,07/19/23,Activated
466,Shelby Miller,LAD,RP,06/20/23,Neck discomfort,Activated,06/18/23,08/17/23,08/31/23,Activated
467,José Leclerc,TEX,RP,06/20/23,Sprained ankle,Activated,06/21/23,07/06/23,07/06/23,Activated
468,Victor Robles,WSN,OF,06/20/23,Back spasms,60-Day IL,06/21/23,08/20/23,,No timetable for return
469,Reese McGuire,BOS,C,06/21/23,Strained oblique,Activated,06/22/23,07/02/23,08/01/23,Activated
470,Matt Beaty,KCR,1B/OF,06/21/23,Concussion,Activated,06/22/23,06/29/23,08/01/23,Activated
471,Vinnie Pasquantino,KCR,1B,06/21/23,Shoulder surgery (torn labrum),60-Day IL,06/10/23,08/09/23,,Out for 2023 season
472,Chris Taylor,LAD,INF/OF,06/21/23,Knee discomfort,Activated,06/22/23,07/02/23,07/14/23,Activated
473,Willie Calhoun,NYY,OF,06/21/23,Strained quad,Activated,06/22/23,07/02/23,07/28/23,Activated
474,Mike Yastrzemski,SFG,OF,06/21/23,Strained hamstring,Activated,06/22/23,07/02/23,07/03/23,Activated
475,Pablo Reyes,BOS,INF,06/22/23,Strained abdominal,Activated,06/23/23,07/03/23,07/24/23,Activated
476,Codi Heuer,CHC,RP,06/23/23,Elbow surgery (fracture),60-Day IL,03/27/23,05/26/23,,Out for 2023 season
477,Merrill Kelly,ARI,SP,06/24/23,Calf inflammation,Activated,06/25/23,07/10/23,07/25/23,Activated
478,Ke'Bryan Hayes,PIT,3B,06/24/23,Lower back inflammation,Activated,06/25/23,07/05/23,07/06/23,Activated
479,Steven Wilson,SDP,RP,06/24/23,Strained pectoral,Activated,06/25/23,07/10/23,07/14/23,Activated
480,Luke Jackson,SFG,RP,06/24/23,Strained lower back,Activated,06/25/23,07/10/23,07/22/23,Activated
481,Brock Stewart,MIN,RP,06/25/23,Elbow discomfort,Activated,06/26/23,08/25/23,09/26/23,Activated
482,Will Vest,DET,RP,06/26/23,Strained lower leg,Activated,06/27/23,07/12/23,08/11/23,Activated
483,Packy Naughton,STL,RP,06/26/23,Flexor tendon surgery,60-Day IL,04/08/23,06/07/23,,Out for 2023 season
484,Tanner Houck,BOS,SP,06/27/23,Face surgery (OZMC fracture),Activated,06/17/23,07/02/23,08/22/23,Activated
485,Michael Kopech,CHW,SP,06/27/23,Shoulder inflammation,Activated,06/29/23,07/14/23,07/14/23,Activated
486,Nick Mears,COL,RP,06/27/23,Strained oblique,Activated,06/28/23,07/13/23,08/15/23,Activated
487,Clayton Kershaw,LAD,RP,06/27/23,Shoulder discomfort,Activated,06/30/23,07/15/23,08/10/23,Activated
488,Keegan Akin,BAL,RP,06/28/23,Lower back discomfort,60-Day IL,06/29/23,08/28/23,,Rehab assignment (7/31)
489,Brandon Hughes,CHC,RP,06/28/23,Knee surgery (debridement),60-Day IL,06/12/23,08/11/23,,Rehab assignment (9/3)
490,Matthew Boyd,DET,SP,06/28/23,Tommy John surgery,60-Day IL,06/27/23,08/26/23,,Out for 2023 season
491,Josh Taylor,KCR,RP,06/28/23,Back surgery (herniated disc),60-Day IL,05/28/23,07/27/23,,No timetable for return
492,Matt Carasiti,COL,RP,06/29/23,Shoulder inflammation,Activated,06/30/23,07/15/23,08/27/23,Activated
493,Brandon Drury,LAA,INF,06/29/23,Shoulder contusion,Activated,06/30/23,07/10/23,08/04/23,Activated
494,Jake Woodford,STL,RP,06/29/23,Strained shoulder,Activated,06/30/23,07/15/23,09/01/23,Activated
495,Drew Carlton,SDP,RP,06/30/23,Elbow inflammation,60-Day IL,07/01/23,08/30/23,,Rehab assignment (8/18)
496,Bryce Miller,SEA,SP,06/30/23,Blister on finger (right middle) ,Activated,07/01/23,07/16/23,07/16/23,Activated
497,Shane McClanahan,TBR,SP,06/30/23,Back tightness,Activated,07/01/23,07/16/23,07/17/23,Activated
498,Romy Gonzalez,CHW,INF/OF,Jul '23,Shoulder surgery (torn labrum),60-Day IL,06/18/23,08/17/23,,Out for 2023 season
499,Josh Staumont,KCR,RP,Jul '23,Thoracic outlet syndrome surgery,60-Day IL,06/06/23,08/05/23,,Out for 2023 season
500,Royce Lewis,MIN,INF,07/01/23,Strained oblique,Activated,07/02/23,07/12/23,08/15/23,Activated
501,Carlos Pérez,OAK,C,07/01/23,Fractured thumb,Activated,07/02/23,07/12/23,08/15/23,Activated
502,Drew Rucinski,OAK,SP,Jul '23,Back surgery,60-Day IL,05/17/23,07/16/23,,Out for 2023 season
503,Ji Hwan Bae,PIT,INF/OF,07/01/23,Sprained ankle,Activated,07/02/23,07/12/23,08/18/23,Activated
504,Michael Wacha,SDP,SP,07/01/23,Shoulder inflammation,Activated,07/02/23,07/17/23,08/15/23,Activated
505,Reiss Knehr,SDP,RP,Jul '23,Tommy John surgery,60-Day IL,06/28/23,08/27/23,,Out for 2023 season
506,Anthony DeSclafani,SFG,SP,07/01/23,Shoulder fatigue,Activated,07/02/23,07/17/23,07/18/23,Activated
507,Drew VerHagen,STL,RP,07/01/23,Hip impingement,Activated,07/02/23,07/17/23,07/22/23,Activated
508,Drew Rasmussen,TBR,SP,Jul '23,Elbow surgery (internal brace),60-Day IL,05/12/23,07/11/23,,Out for 2023 season
509,Thaddeus Ward,WSN,RP,07/01/23,Shoulder inflammation,Activated,07/02/23,07/17/23,09/14/23,Activated
510,Cionel Pérez,BAL,RP,07/02/23,Forearm discomfort,Activated,07/03/23,07/18/23,07/18/23,Activated
511,Garrett Whitlock,BOS,SP,07/02/23,Elbow inflammation,Activated,07/03/23,07/18/23,08/13/23,Activated
512,Tyler Alexander,DET,RP,07/02/23,Strained shoulder,60-Day IL,07/03/23,09/01/23,,Out for 2023 season
513,Jazz Chisholm Jr.,MIA,OF,07/02/23,Strained oblique,Activated,07/03/23,07/13/23,07/31/23,Activated
514,Thairo Estrada,SFG,INF,07/02/23,Fractured hand,Activated,07/03/23,07/13/23,08/05/23,Activated
515,Nick Madrigal,CHC,INF,07/03/23,Strained hamstring,Activated,07/04/23,07/14/23,07/29/23,Activated
516,Sam Bachman,LAA,RP,07/03/23,Shoulder inflammation,60-Day IL,07/11/23,09/09/23,,No timetable for return
517,Andrew Nardi,MIA,RP,07/03/23,Triceps inflammation,Activated,07/04/23,07/19/23,08/01/23,Activated
518,Kaleb Ort,BOS,RP,07/04/23,Elbow inflammation,60-Day IL,07/05/23,09/03/23,,Rehab assignment (9/16)
519,Joe Kelly,CHW,RP,07/04/23,Elbow inflammation,Activated,07/05/23,07/20/23,07/22/23,Activated
520,Jose Altuve,HOU,2B,07/04/23,Strained oblique,Activated,07/04/23,07/14/23,07/26/23,Activated
521,Zack Greinke,KCR,SP,07/04/23,Strained shoulder,Activated,07/05/23,07/20/23,07/20/23,Activated
522,Anthony Rendon,LAA,3B,07/04/23,Shin bone bruise,60-Day IL,07/11/23,09/09/23,,Out for 2023 season
523,Rowdy Tellez,MIL,1B,07/04/23,Forearm inflammation,Activated,07/05/23,07/15/23,08/19/22,Activated
524,Adam Wainwright,STL,SP,07/04/23,Strained shoulder,Activated,07/05/23,07/20/23,07/24/23,Activated
525,Andrew Knizner,STL,C,07/04/23,Groin discomfort,Activated,07/05/23,07/15/23,07/16/23,Activated
526,Wyatt Mills,BOS,RP,07/05/23,Tommy John surgery,60-Day IL,03/27/23,05/26/23,,Out for 2023 season
527,Dansby Swanson,CHC,SS,07/05/23,Heel contusion,Activated,07/06/23,07/16/23,07/22/23,Activated
528,Cal Quantrill,CLE,SP,07/05/23,Shoulder inflammation,Activated,07/06/23,07/21/23,09/01/23,Activated
529,Mike Trout,LAA,OF,07/05/23,Hand surgery (fractured hamate,Activated,07/04/23,07/14/23,08/22/23,Activated
530,Daniel Hudson,LAD,RP,07/05/23,Sprained knee,60-Day IL,07/06/23,09/04/23,,Questionable for 2023 season
531,Jake Bauers,NYY,OF,07/05/23,Shoulder contusion,Activated,07/06/23,07/16/23,07/23/23,Activated
532,Esteury Ruiz,OAK,OF,07/05/23,Shoulder subluxation,Activated,07/06/23,07/16/23,08/05/23,Activated
533,Andrew McCutchen,PIT,Of,07/05/23,Elbow inflammation,Activated,07/06/23,07/16/23,07/16/23,Activated
534,Jonathan Davis,MIA,OF,07/06/23,Knee surgery (meniscus),60-Day IL,07/05/23,09/03/23,,Expected to miss 3-6 months
535,José Alvarado,PHI,RP,07/06/23,Elbow inflammation,Activated,07/07/23,07/22/23,08/21/23,Activated
536,Ke'Bryan Hayes,PIT,3B,07/06/23,Lower back inflammation,Activated,07/07/23,07/17/23,08/01/23,Activated
537,Tommy Edman,STL,INF/OF,07/06/23,Wrist inflammation,Activated,07/07/23,07/17/23,08/01/23,Activated
538,Nick Anderson,ATL,RP,07/07/23,Strained shoulder,60-Day IL,07/08/23,09/06/23,,Rehab assignment (9/19)
539,Reiver Sanmartin,CIN,RP,07/07/23,Tommy John surgery,60-Day IL,05/08/23,07/07/23,,Out for 2023 season
540,Edward Olivares,KCR,OF,07/07/23,Strained oblique,Activated,07/08/23,07/18/23,07/18/23,Activated
541,A.J. Minter,ATL,RP,07/08/23,Shoulder inflammation,Activated,07/12/23,07/27/23,07/31/23,Activated
542,Jo Adell,LAA,OF,07/08/23,Strained oblique,Activated,07/11/23,09/09/23,09/18/23,Activated
543,Josh Harrison,PHI,INF/OF,07/08/23,Wrist contusion,Activated,07/09/23,07/19/23,07/21/23,Activated
544,Shane Bieber,CLE,SP,07/09/23,Elbow inflammation,Activated,07/12/23,09/10/23,09/22/23,Activated
545,Kyle Freeland,COL,SP,07/09/23,Shoulder subluxation (non-throwing),Activated,07/11/23,07/26/23,07/28/23,Activated
546,Wade Miley,MIL,SP,07/09/23,Elbow discomfort,Activated,07/14/23,07/29/23,08/02/23,Activated
547,Brian Anderson,MIL,3B/OF,07/09/23,Strained lower back,Activated,07/13/23,07/23/23,08/03/23,Activated
548,Elieser Hernández,NYM,SP,07/09/23,Strained pectoral,60-Day IL,07/24/23,09/22/23,,Questionable for 2023 season
549,Manny Piña,OAK,C,07/09/23,Wrist contusion,Activated,07/11/23,07/21/23,07/31/23,Activated
550,Richard Lovelady,OAK,RP,07/09/23,Strained forearm,15-Day IL,07/11/23,09/09/23,,Out for 2023 season
551,Cristian Pache,PHI,OF,07/09/23,Elbow irritation,Activated,07/11/23,07/21/23,09/01/23,Activated
552,Josh Sborz,TEX,RP,07/09/23,Biceps tendinitis,Activated,07/12/23,09/10/23,07/28/23,Activated
553,Hunter Harvey,WSN,RP,07/14/23,Strained elbow,Activated,07/15/23,07/30/23,08/15/23,Activated
554,Cedric Mullins,BAL,OF,07/15/23,Strained groin,Activated,07/16/23,07/26/23,08/11/23,Activated
555,Chris Devenski,LAA,RP,07/15/23,Strained hamstring,Activated,07/16/23,07/31/23,08/25/23,Activated
556,Josh Donaldson,NYY,3B,07/15/23,Strained calf,Activated,07/16/23,09/14/23,08/29/23,Activated
557,Adrian Morejon,SDP,RP,07/15/23,Knee inflammation,Activated,07/16/23,07/31/23,08/17/23,Activated
558,Kolby Allard,ATL,RP,07/16/23,Shoulder nerve inflammation,60-Day IL,07/17/23,09/15/23,,No timetable for return
559,Kevin Newman,CIN,INF,07/16/23,Gastritis,Activated,07/17/23,07/27/23,07/24/23,Activated
560,Brandon Crawford,SFG,SS,07/16/23,Knee inflammation,Activated,07/17/23,07/27/23,07/29/23,Activated
561,Starling Marte,NYM,OF,07/17/23,Migraine headaches,Activated,07/17/23,07/27/23,08/04/23,Activated
562,Zach Davies,ARI,SP,07/18/23,Lower back inflammation,Activated,07/19/23,08/03/23,08/26/23,Activated
563,Sam Hilliard,ATL,OF,07/18/23,Heel contusion,60-Day IL,07/19/23,09/17/23,,No timetable for return
564,Curt Casali,CIN,C,07/18/23,Foot contusion,10-Day IL,07/21/23,07/31/23,,No timetable for return
565,Daniel Lynch IV,KCR,SP,07/18/23,Strained shoulder,60-Day IL,07/19/23,09/17/23,,Rehab assignment (9/21)
566,Jake Marisnick,LAD,OF,07/18/23,Strained hamstring,60-Day IL,07/19/23,09/17/23,,Rehab assignment (9/12)
567,Dustin May,LAD,SP,07/18/23,Flexor tendon/Tommy John revision surgery,60-Day IL,05/18/23,07/17/23,,Out for 2023 season
568,Yacksel Ríos,OAK,RP,07/18/23,Raynaud’s syndrome surgery,60-Day IL,06/29/23,08/28/23,,Out for 2023 season
569,Ryan Noda,OAK,1B,07/18/23,Fractured jaw,Activated,07/19/23,07/29/23,08/21/23,Activated
570,Nathan Eovaldi,TEX,SP,07/18/23,Strained forearm,Activated,07/27/23,08/11/23,09/05/23,Activated
571,Paolo Espino,WSN,RP,07/18/23,Strained finger,Activated,07/19/23,08/03/23,08/06/23,Activated
572,José De León,MIN,RP,07/19/23,Tommy John surgery,60-Day IL,06/25/23,08/24/23,,Out for 2023 season
573,Jarred Kelenic,SEA,OF,07/19/23,Fractured foot,Activated,07/20/23,07/30/23,09/11/23,Activated
574,Alek Jacob,SDP,RP,07/20/23,Elbow inflammation,60-Day IL,07/21/23,09/19/23,,No timetable for return
575,Taylor Walls,TBR,INF,07/20/23,Strained oblique,Activated,07/21/23,07/31/23,09/01/23,Activated
576,Luis Guillorme,NYM,INF,07/21/23,Strained calf,Activated,07/22/23,08/01/23,09/18/23,Activated
577,AJ Pollock,SFG,OF,07/21/23,Strained hamstring,Activated,07/22/23,08/01/23,08/01/23,Activated
578,Francisco Mejía,TBR,C,07/21/23,Sprained knee,Activated,07/22/23,08/01/23,08/22/23,Activated
579,Corey Seager,TEX,SS,07/21/23,Sprained thumb,Activated,07/22/23,08/01/23,08/02/23,Activated
580,Gabriel Moreno,ARI,C,07/22/23,Shoulder inflammation,Activated,07/23/23,08/02/23,08/13/23,Activated
581,Chase Anderson,COL,SP,07/22/23,Shoulder inflammation,Activated,07/25/23,08/09/23,09/03/23,Activated
582,Kris Bryant,COL,OF,07/22/23,Fractured finger (left index),Activated,07/23/23,08/02/23,09/11/23,Activated
583,Mason Englert,DET,RP,07/22/23,Hip tightness,15-Day IL,07/23/23,08/07/23,,Rehab assignment (8/12)
584,Greg Jones,TBR,INF/OF,07/22/23,Strained hamstring,60-Day IL,09/16/23,11/15/23,,Out for 2023 season
585,Otto Lopez,TOR,INF/OF,07/22/23,Strained oblique,60-Day IL,08/01/23,09/30/23,,Rehab assignment (9/19)
586,Anthony DeSclafani,SFG,SP,07/23/23,Strained elbow flexor,60-Day IL,07/27/23,09/25/23,,Questionable for 2023 season
587,Aaron Hicks,BAL,OF,07/24/23,Strained hamstring,Activated,07/25/23,08/04/23,08/14/23,Activated
588,Jesse Winker,MIL,OF,07/24/23,Back spasms,Activated,07/25/23,08/04/23,10/02/23,Activated
589,Evan Longoria,ARI,3B,07/25/23,Strained lower back,Activated,07/26/23,08/05/23,08/21/23,Activated
590,Griffin Canning,LAA,SP,07/25/23,Strained calf,Activated,07/29/23,08/13/23,08/13/23,Activated
591,Jonny DeLuca,LAD,OF,07/25/23,Strained hamstring,Activated,07/26/23,08/05/23,08/31/23,Activated
592,Matt Barnes,MIA,RP,07/25/23,Hip surgery,60-Day IL,06/02/23,08/01/23,,Out for 2023 season
593,Antonio Senzatela,COL,SP,07/26/23,Tommy John surgery,60-Day IL,05/11/23,07/10/23,,Out for 2023 season
594,Jonah Heim,TEX,C,07/26/23,Strained wrist,Activated,07/27/23,08/06/23,08/13/23,Activated
595,Nick Pratto,KCR,1B,07/27/23,Strained groin,Activated,07/26/23,08/05/23,09/08/23,Activated
596,Jose Trevino,NYY,C,07/27/23,Wrist surgery,60-Day IL,07/18/23,09/16/23,,Out for 2023 season
597,Tommy Henry,ARI,SP,07/28/23,Elbow inflammation,60-Day IL,07/29/23,09/27/23,,Questionable for 2023 season
598,Joely Rodríguez,BOS,RP,07/28/23,Hip tightness,15-Day IL,07/25/23,08/09/23,,Rehab assignment (9/19)
599,Jonathan India,CIN,2B,07/28/23,Plantar fascitis,Activated,07/29/23,08/08/23,09/10/23,Activated
600,Justin Wilson,MIL,RP,07/28/23,Strained lat,15-Day IL,07/29/23,09/27/23,,Out for 2023 season
601,Joe Musgrove,SDP,SP,07/28/23,Shoulder inflammation,15-Day IL,08/01/23,08/16/23,,Out for 2023 season
602,Jordan Romano,TOR,RP,07/28/23,Lower back inflammation,Activated,07/29/23,08/13/23,08/15/23,Activated
603,Rico Garcia,WSN,RP,07/28/23,Biceps tendinitis,Activated,07/29/23,08/13/23,09/01/23,Activated
604,Taylor Ward,LAA,OF,07/29/23,Facial fractures,60-Day IL,07/30/23,09/28/23,,Questionable for 2023 season
605,Julio Teheran,MIL,SP,07/29/23,Hip impingement,Activated,07/30/23,08/14/23,09/20/23,Activated
606,Alex Kirilloff,MIN,1B/OF,07/29/23,Strained shoulder,Activated,07/30/23,08/09/23,09/08/23,Activated
607,Calvin Faucher,TBR,RP,07/29/23,Biceps tendinitis,60-Day IL,09/23/23,11/22/23,,Out for 2023 season
608,Mike Yastrzemski,SFG,OF,07/30/23,Strained hamstring,Activated,07/31/23,08/10/23,08/30/23,Activated
609,Daysbel Hernández,ATL,RP,07/31/23,Forearm inflammtion,Activated,08/01/23,09/30/23,10/07/23,Activated
610,Marcus Stroman,CHC,SP,07/31/23,Hip inflammation,Activated,08/01/23,08/16/23,09/15/23,Activated
611,Josh Naylor,CLE,1B,07/31/23,Strained oblique,Activated,08/01/23,08/11/23,09/03/23,Activated
612,Bo Bichette,TOR,SS,07/31/23,Patellar tendonitis,Activated,08/01/23,08/11/23,08/19/23,Activated
613,Mason Thompson,WSN,RP,07/31/23,Knee contusion,Activated,08/02/23,08/17/23,08/20/23,Activated
614,Austin Adams,ARI,RP,08/01/23,Fractured ankle,60-Day IL,08/02/23,10/01/23,,Out for 2023 season
615,Ben Lively,CIN,SP,08/01/23,Strained pectoral,Activated,08/02/23,08/17/23,08/26/23,Activated
616,Tyler Freeman,CLE,INF/OF,08/01/23,Strained shouler,Activated,08/02/23,08/12/23,08/15/23,Activated
617,Anthony Rizzo,NYY,1B,08/01/23,Post-concussion syndrome,60-Day IL,08/02/23,10/01/23,,Out for 2023 season
618,Tim Hill,SDP,RP,08/01/23,Sprained finger (left ring),Activated,08/02/23,08/17/23,09/01/23,Activated
619,Brad Miller,TEX,INF/OF,08/01/23,Strained hamstring,60-Day IL,08/02/23,10/01/23,,Out for 2023 season
620,Trevor Richards,TOR,RP,08/01/23,Neck inflammation,Activated,08/02/23,08/17/23,08/18/23,Activated
621,Liam Hendriks,CHW,RP,08/02/23,Tommy John surgery,60-Day IL,06/10/23,08/09/23,,Out for 2023 season
622,Seby Zavala,CHW,C,08/02/23,Strained oblique,Activated,08/03/23,08/13/23,09/04/23,Activated
623,Taylor Clarke,KCR,RP,08/02/23,Elbow inflammation,Activated,08/03/23,08/18/23,08/18/23,Activated
624,JT Chargois,MIA,RP,08/02/23,Strained oblique,Activated,08/03/23,08/18/23,08/25/23,Activated
625,Byron Buxton,MIN,OF,08/02/23,Strained groin,Activated,08/03/23,08/13/23,10/02/23,Activated
626,Joe Ryan,MIN,SP,08/02/23,Strained groin,Activated,08/03/23,08/18/23,08/26/23,Activated
627,James Kaprielian,OAK,SP,08/02/23,Arthroscopic shoulder surgery (posterior labrum),60-Day IL,06/27/23,08/26/23,,Out for 2023 season
628,Brendan Donovan,STL,INF/OF,08/02/23,Elbow surgery,60-Day IL,07/29/23,09/27/23,,Out for 2023 season
629,Jake Fraley,CIN,OF,08/03/23,"Stress fracture, fourth left toe",Activated,08/04/23,08/14/23,09/01/23,Activated
630,Zach Neto,LAA,SS,08/03/23,Lower back inflammation,Activated,08/04/23,08/14/23,09/10/23,Activated
631,Dauri Moreta,PIT,RP,08/03/23,Lower back discomfort,Activated,08/04/23,08/19/23,08/20/23,Activated
632,Bryan Woo,SEA,SP,08/03/23,Forearm inflammation,Activated,08/05/23,08/20/23,08/22/23,Activated
633,David Fry,CLE,UTL,08/04/23,Strained hamstring,Activated,08/05/23,08/15/23,09/01/23,Activated
634,Danny Coulombe,BAL,RP,08/05/23,Biceps tendonitis,Activated,08/07/23,08/22/23,08/24/23,Activated
635,Michael Grove,LAD,SP,08/05/23,Strained lat,Activated,08/06/23,08/21/23,09/23/23,Activated
636,Jovani Moran,MIN,RP,08/05/23,Strained forearm,60-Day IL,09/24/23,11/23/23,,Out for 2023 season
637,Starling Marte,NYM,OF,08/05/23,Strained groin,10-Day IL,08/06/23,08/16/23,,Out for 2023 season
638,Nestor Cortes,NYY,SP,08/05/23,Strained rotator cuff,60-Day IL,08/08/23,10/07/23,,Out for 2023 season
639,Brandon Marsh,PHI,OF,08/05/23,Knee contusion,Activated,08/06/23,08/16/23,08/20/23,Activated
640,Zack Greinke,KCR,SP,08/06/23,Elbow soreness,Activated,08/07/23,08/22/23,08/22/23,Activated
641,Carlos Rodón,NYY,SP,08/06/23,Strained hamstring,Activated,08/07/23,08/22/23,08/22/23,Activated
642,Kevin Kiermaier,TOR,OF,08/06/23,Elbow laceration,Activated,08/07/23,08/17/23,08/18/23,Activated
643,AJ Pollock,SFG,OF,08/08/23,Strained oblique,Activated,08/09/23,08/19/23,09/05/23,Activated
644,José Abreu,HOU,1B,08/09/23,Back inflammation,Activated,08/10/23,08/20/23,08/23/23,Activated
645,Joe Kelly,LAD,RP,08/09/23,Forearm inflammation,Activated,08/10/23,08/25/23,09/13/23,Activated
646,Blake Perkins,MIL,OF,08/09/23,Strained oblique,Activated,08/10/23,08/20/23,09/17/23,Activated
647,Carmen Mlodzinski,PIT,RP,08/09/23,Elbow soreness,Activated,08/10/23,08/25/23,09/01/23,Activated
648,Tucupita Marcano,PIT,INF/OF,08/09/23,Knee surgery (torn ACL),60-Day IL,07/25/23,09/23/23,,Out for 2023 season
649,J.P. Crawford,SEA,SS,08/09/23,Concussion,Activated,08/10/23,08/17/23,08/21/23,Activated
650,Josh Jung,TEX,3B,08/09/23,Thumb surgery,Activated,08/07/23,08/17/23,09/18/23,Activated
651,Phil Maton,HOU,RP,08/11/23,Elbow contusion,Activated,08/12/23,08/27/23,08/27/23,Activated
652,Yency Almonte,LAD,RP,08/11/23,Sprained knee,15-Day IL,08/12/23,08/27/23,,Rehab assignment (9/30)
653,Willi Castro,MIN,INF/OF,08/11/23,Strained oblique,Activated,08/12/23,08/22/23,09/03/23,Activated
654,Ji Man Choi,SDP,1B,08/11/23,Strained oblique,Activated,08/12/23,08/22/23,09/15/23,Activated
655,Hagen Danner,TOR,RP,08/11/23,Strained oblique,60-Day IL,08/12/23,10/11/23,,Out for 2023 season
656,Josh Walker,NYM,RP,08/12/23,Strained oblique,60-Day IL,08/13/23,10/12/23,,Out for 2023 season
657,Steven Matz,STL,SP,08/12/23,Strained lat,15-Day IL,08/13/23,08/28/23,,No timetable for return
658,Nolan Gorman,STL,2B,08/12/23,Strained lower back,Activated,08/14/23,08/24/23,08/25/23,Activated
659,Ozzie Albies,ATL,2B,08/13/23,Strained hamstring,Activated,08/14/23,08/24/23,08/28/23,Activated
660,Michael Kelly,CLE,RP,08/13/23,Strained lower back,Activated,08/15/23,08/30/23,09/19/23,Activated
661,Huascar Brazobán,MIA,RP,08/13/23,Strained hamstring,Activated,08/14/23,08/29/23,09/26/23,Activated
662,J.C. Mejía,MIL,RP,08/13/23,Shoulder inflammation,Activated,08/14/23,10/13/23,09/20/23,Activated
663,JJ Bleday,OAK,OF,08/13/23,Sprained knee,Activated,08/14/23,08/24/23,09/26/23,Activated
664,Ranger Suárez,PHI,SP,08/13/23,Strained hamstring,Activated,08/16/23,08/31/23,09/01/23,Activated
665,Tom Murphy,SEA,C,08/13/23,Sprained thumb,10-Day IL,08/14/23,08/24/23,,No timetable for return
666,Mark Mathias,SFG,INF/OF,08/13/23,Strained shoulder,60-Day IL,08/14/23,10/13/23,,Out for 2023 season
667,Aaron Hicks,BAL,OF,08/14/23,Strained lower back,Activated,08/16/23,08/26/23,09/03/23,Activated
668,Angel Felipe,OAK,RP,08/14/23,Sprained elbow,15-Day IL,08/15/23,08/30/23,,No timetable for return
669,Kevin Newman,CIN,INF,08/15/23,Strained oblique,Activated,08/16/23,08/26/23,09/25/23,Activated
670,C.J. Cron,LAA,1B,08/15/23,Lower back inflammation,Activated,08/16/23,08/26/23,09/16/23,Activated
671,Mark Vientos,NYM,3B,08/15/23,Wrist tendonitis,Activated,08/16/23,08/26/23,08/27/23,Activated
672,Lars Nootbaar,STL,OF,08/15/23,Abdomen contusion,Activated,08/16/23,08/26/23,09/01/23,Activated
673,Kevin Kelly,TBR,RP,08/15/23,Sprained ankle,Activated,08/16/23,08/31/23,09/01/23,Activated
674,Cam Gallagher,CLE,C,08/16/23,Concussion,Activated,08/17/23,08/24/23,08/24/23,Activated
675,Tyler Kinley,COL,SP,08/16/23,Elbow inflammation,Activated,08/17/23,09/01/23,09/01/23,Activated
676,Austin Pruitt,OAK,RP,08/16/23,Strained forearm,15-Day IL,08/17/23,09/01/23,,No timetable for return
677,Ross Stripling,SFG,SP,08/16/23,Strained back,Activated,08/17/23,09/01/23,09/15/23,Activated
678,Matthew Liberatore,STL,SP,08/16/23,Lower back tightness,Activated,08/19/23,09/03/23,09/04/23,Activated
679,Manuel Margot,TBR,OF,08/16/23,Elbow surgery (loose bodies),Activated,08/15/23,08/25/23,09/14/23,Activated
680,Luis Medina,OAK,SP,08/18/23,Blister on finger (right index) ,Activated,08/19/23,09/03/23,09/04/23,Activated
681,Angel Perdomo,PIT,RP,08/18/23,Elbow discomfort,60-Day IL,08/19/23,10/18/23,,Out for 2023 season
682,Brandon Crawford,SFG,SS,08/18/23,Strained forearm,Activated,08/19/23,08/29/23,09/01/23,Activated
683,Yonny Chirinos,ATL,SP,08/19/23,Elbow inflammation,60-Day IL,08/20/23,10/19/23,,Out for 2023 season
684,Grae Kessinger,HOU,INF,08/19/23,Health and safety protocols,Activated,08/18/23,08/28/23,09/01/23,Activated
685,J.D. Martinez,LAD,DH,08/19/23,Strained groin,Activated,08/20/23,08/30/23,09/08/23,Activated
686,Stuart Fairchild,CIN,OF,08/20/23,Concussion,Activated,08/21/23,08/28/23,08/28/23,Activated
687,Johnny Cueto,MIA,RP,08/20/23,Viral infection,Activated,08/18/23,09/02/23,09/02/23,Activated
688,Billy McKinney,NYY,OF/1B,08/20/23,Back spasms,10-Day IL,08/21/23,08/31/23,,No timetable for return
689,Henry Davis,PIT,OF,08/20/23,Strained hand,Activated,08/21/23,08/31/23,09/15/23,Activated
690,Emerson Hancock,SEA,SP,08/20/23,Strained shoulder,60-Day IL,08/21/23,10/20/23,,Out for 2023 season
691,Shane McClanahan,TBR,SP,08/21/23,Tommy John surgery,60-Day IL,08/03/23,10/02/23,,Out for 2023 season
692,Mike Trout,LAA,OF,08/22/23,Hand discomfort,60-Day IL,08/23/23,10/22/23,,Out for 2023 season
693,Avisaíl García,MIA,OF,08/22/23,Strained hamstring,10-Day IL,08/23/23,09/02/23,,No timetable for return
694,Oliver Ortega,MIN,RP,08/22/23,Strained back,60-Day IL,08/23/23,10/22/23,,Out for 2023 season
695,John Curtiss,NYM,RP,08/22/23,Elbow surgery (loose body),60-Day IL,08/14/23,10/13/23,,Out for 2023 season
696,Marco Gonzales,SEA,SP,08/22/23,Forearm sugery (nerve decompression),60-Day IL,05/31/23,07/30/23,,Out for 2023 season
697,Dominic Fletcher,ARI,OF,08/23/23,Fractured finger,60-Day IL,09/04/23,11/03/23,,Out for 2023 season
698,Joey Votto,CIN,1B,08/23/23,Shoulder discomfort,Activated,08/24/23,09/03/23,09/10/23,Activated
699,Matt Thaiss,LAA,C,08/23/23,Shoulder inflammation,Activated,08/24/23,09/03/23,09/03/23,Activated
700,Michael Conforto,SFG,OF,08/23/23,Strained hamstring,Activated,08/24/23,09/03/23,09/15/23,Activated
701,Stone Garrett,WSN,OF,08/23/23,Fractured leg (fibula),60-Day IL,08/24/23,10/23/23,,Out for 2023 season
702,Michael Fulmer,CHC,RP,08/24/23,Strained forearm,Activated,08/25/23,09/09/23,09/11/23,Activated
703,Alex Young,CIN,RP,08/24/23,Strained hamstring,Activated,08/25/23,09/09/23,09/18/23,Activated
704,Guillermo Zuñiga,STL,RP,08/24/23,Strained forearm,60-Day IL,08/25/23,10/24/23,,Out for 2023 season
705,Yu Darvish,SDP,SP,08/25/23,Bone spur in elbow,15-Day IL,08/26/23,09/10/23,,Out for 2023 season
706,Jake Cronenworth,SDP,INF,08/25/23,Fractured wrist,10-Day IL,08/26/23,09/05/23,,No timetable for return
707,Chase Silseth,LAA,SP,08/26/23,Concussion,Activated,08/27/23,09/03/23,09/28/23,Activated
708,Erik Swanson,TOR,RP,08/26/23,Thoracic spine inflammation,Activated,08/27/23,09/11/23,09/11/23,Activated
709,Pablo Reyes,BOS,INF,08/27/23,Elbow discomfort,Activated,08/28/23,09/07/23,09/12/23,Activated
710,Brennan Bernardino,BOS,RP,08/27/23,Undisclosed,Activated,08/27/23,09/03/23,09/03/23,Activated
711,Matt McLain,CIN,INF,08/27/23,Strained oblique,10-Day IL,08/28/23,09/07/23,,Out for 2023 season
712,Andrew Vasquez,DET,RP,08/27/23,Strained calf,Activated,08/28/23,09/12/23,09/29/23,Activated
713,John McMillon,KCR,RP,08/27/23,Strained forearm,15-Day IL,08/28/23,09/12/23,,No timetable for return
714,Adrian Houser,MIL,SP,08/27/23,Elbow effusion,Activated,08/28/23,09/12/23,09/14/23,Activated
715,Steven Wilson,SDP,RP,08/27/23,Hip inflammation,15-Day IL,08/28/23,09/12/23,,No timetable for return
716,Jason Adam,TBR,RP,08/27/23,Strained oblique,Activated,08/31/23,09/15/23,09/21/23,Activated
717,Matt Chapman,TOR,3B,08/27/23,Sprained finger (right middle),Activated,08/28/23,09/07/23,09/14/23,Activated
718,Bo Bichette,TOR,SS,08/27/23,Strained quad,Activated,08/28/23,09/07/23,09/08/23,Activated
719,Austin Gomber,COL,SP,08/28/23,Lower back inflammation,60-Day IL,09/05/23,11/04/23,,Out for 2023 season
720,Jarren Duran,BOS,OF,08/30/23,Toe surgery,60-Day IL,08/21/23,10/20/23,,Out for 2023 season
721,Ian Hamilton,NYY,RP,08/30/23,Strained groin,Activated,08/31/23,09/15/23,09/16/23,Activated
722,Freddy Tarnok,OAK,SP,08/30/23,Hip surgery,60-Day IL,08/11/23,10/10/23,,Out for 2023 season
723,Keynan Middleton,NYY,RP,08/31/23,Shoulder inflammation,Activated,09/03/23,09/18/23,09/29/23,Activated
724,Drey Jameson,ARI,RP,Sep '23,Sprained elbow,60-Day IL,07/07/23,09/05/23,,Out for 2023 season
725,Terrin Vavra,BAL,INF/OF,09/01/23,Strained shoulder,60-Day IL,09/14/23,11/13/23,,Out for 2023 season
726,James Paxton,BOS,SP,09/01/23,Knee inflammation,15-Day IL,09/07/23,09/22/23,,Out for 2023 season
727,Fernando Cruz,CIN,RP,09/01/23,Undisclosed,Activated,09/01/23,09/02/23,09/08/23,Activated
728,Ben Lively,CIN,SP,09/01/23,Undisclosed,Activated,09/01/23,09/08/23,09/14/23,Activated
729,Justin Dunn,CIN,SP,Sep '23,Shoulder surgery,60-Day IL,03/27/23,05/26/23,,Out for 2023 season
730,Hunter Greene,CIN,SP,09/01/23,Undisclosed,Activated,09/01/23,09/08/23,09/10/23,Activated
731,Graham Ashcraft,CIN,SP,09/01/23,Stress reaction (toe),60-Day IL,09/02/23,11/01/23,,Out for 2023 season
732,Daniel Bard,COL,RP,09/01/23,Forearm fatigue,Activated,09/02/23,09/17/23,09/18/23,Activated
733,Tony Gonsolin,LAD,SP,09/01/23,Tommy John surgery,60-Day IL,08/19/23,10/18/23,,Out for 2023 season
734,JoJo Romero,STL,RP,09/01/23,Patellar tendonitis,15-Day IL,09/02/23,09/17/23,,No timetable for return
735,Brandon Williamson,CIN,SP,09/02/23,Undisclosed,Activated,09/02/23,09/09/23,09/12/23,Activated
736,Michael A. Taylor,MIN,OF,09/02/23,Strained hamstring,Activated,09/03/23,09/13/23,09/18/23,Activated
737,Jimmy Lambert,CHW,RP,09/03/23,Ankle inflammation,60-Day IL,09/04/23,11/03/23,,Out for 2023 season
738,Shohei Ohtani,LAA,DH,09/03/23,Strained oblique,10-Day IL,09/13/23,09/23/23,,Out for 2023 season
739,Carlos Carrasco,NYM,SP,09/03/23,Fractured finger,15-Day IL,09/02/23,09/17/23,,Out for 2023 season
740,Declan Cronin,CHW,RP,09/04/23,Blisters (right hand),Activated,09/06/23,09/21/23,09/23/23,Activated
741,Ryne Stanek,HOU,RP,09/04/23,Sprained ankle,Activated,09/05/23,09/20/23,09/22/23,Activated
742,Andrew McCutchen,PIT,OF,09/04/23,Partially torn Achilles' tendon,60-Day IL,09/05/23,11/04/23,,Out for 2023 season
743,Josh Sborz,TEX,RP,09/04/23,Strained hamstring,Activated,09/05/23,09/20/23,09/27/23,Activated
744,Collin McHugh,ATL,RP,09/05/23,Shoulder inflammation,15-Day IL,09/06/23,09/21/23,,Rehab assignment (9/19)
745,Michael Soroka,ATL,SP,09/05/23,Forearm inflammtion,60-Day IL,09/06/23,11/05/23,,Out for 2023 season
746,Mickey Moniak,LAA,OF,09/05/23,Back tightness,Activated,09/12/23,09/22/23,09/28/23,Activated
747,Jorge Soler,MIA,OF,09/05/23,Strained oblique,Activated,09/06/23,09/16/23,09/17/23,Activated
748,Joey Gallo,MIN,1B/OF,09/05/23,Foot contusion,10-Day IL,09/06/23,09/16/23,,Rehab assignment (9/19)
749,Patrick Bailey,SFG,C,09/05/23,Concussion,Activated,09/06/23,09/13/23,09/13/23,Activated
750,Matt Manning,DET,SP,09/06/23,Fractured foot,15-Day IL,09/07/23,09/22/23,,Out for 2023 season
751,Jaime Barria,LAA,RP,09/06/23,Strained hamstring,Activated,09/07/23,09/22/23,09/23/23,Activated
752,Tommy Nance,MIA,RP,09/06/23,Strained oblique,60-Day IL,09/19/23,11/18/23,,Out for 2023 season
753,Gary Sánchez,SDP,C,09/06/23,Fractured wrist,60-Day IL,09/07/23,11/06/23,,Out for 2023 season
754,Adolis García,TEX,OF,09/06/23,Strained knee (patellar tendon),Activated,09/07/23,09/17/23,09/18/23,Activated
755,Albert Abreu,NYY,RP,09/07/23,Strained hamstring,15-Day IL,09/08/23,09/23/23,,No timetable for return
756,Danny Jansen,TOR,C,09/07/23,Finger surgery (right middle),10-Day IL,09/02/23,09/12/23,,Questionable for 2023 season
757,Freddy Fermin,KCR,C,09/08/23,Fractured finger,60-Day IL,09/09/23,11/08/23,,Out for 2023 season
758,Austin Cox,KCR,RP,09/08/23,Sprained knee,60-Day IL,09/09/23,11/08/23,,Out for 2023 season
759,Luis Severino,NYY,SP,09/08/23,Strained oblique,15-Day IL,09/09/23,09/24/23,,Out for 2023 season
760,MacKenzie Gore,WSN,SP,09/08/23,Blisters (left hand),15-Day IL,09/09/23,09/24/23,,No timetable for return
761,Stuart Fairchild,CIN,OF,09/09/23,Undisclosed,Activated,09/09/23,09/10/23,09/18/23,Activated
762,Gus Varland,LAD,RP,09/09/23,Knee inflammation,60-Day IL,09/10/23,11/09/23,,Out for 2023 season
763,Jonathan Loáisiga,NYY,RP,09/09/23,Elbow inflammation,15-Day IL,09/10/23,09/25/23,,Out for 2023 season
764,Jeimer Candelario,CHC,3B,09/10/23,Strained lower back,Activated,09/11/23,09/21/23,09/27/23,Activated
765,Adbert Alzolay,CHC,RP,09/10/23,Strained forearm,Activated,09/11/23,09/26/23,09/29/23,Activated
766,Peter Lambert,COL,SP,09/10/23,Biceps tendonitis,15-Day IL,09/13/23,09/28/23,,No timetable for return
767,Wander Suero,LAD,RP,09/10/23,Lower back tightness,Activated,09/11/23,09/26/23,09/26/23,Activated
768,Matt Carpenter,SDP,DH,09/10/23,Elbow inflammation,10-Day IL,09/12/23,09/22/23,,No timetable for return
769,Dylan Lee,ATL,RP,09/11/23,Shoulder inflammation,60-Day IL,09/12/23,11/11/23,,Out for 2023 season
770,Michael Fulmer,CHC,RP,09/11/23,Strained forearm,60-Day IL,09/13/23,11/12/23,,Out for 2023 season
771,Sean Reid-Foley,NYM,RP,09/11/23,Strained lat,15-Day IL,09/12/23,09/27/23,,No timetable for return
772,Jose Siri,TBR,OF,09/11/23,Fractured hand,Activated,09/12/23,09/22/23,10/02/23,Activated
773,Brandon Belt,TOR,1B,09/11/23,Lower back spasms,Activated,09/12/23,09/22/23,09/26/23,Activated
774,Riley Adams,WSN,C,09/11/23,Hand surgery (fractured hamate),60-Day IL,09/07/23,11/06/23,,Out for 2023 season
775,Kenley Jansen,BOS,RP,09/12/23,COVID-19,Activated,09/13/23,09/20/23,09/23/23,Activated
776,Mike Moustakas,LAA,3B,09/12/23,Strained forearm,Activated,09/13/23,09/23/23,09/24/23,Activated
777,Nolan Gorman,STL,2B,09/12/23,Strained hamstring,10-Day IL,09/13/23,09/23/23,,No timetable for return
778,Max Scherzer,TEX,SP,09/12/23,Strained shoulder (teres major),Activated,09/13/23,09/28/23,10/02/23,Activated
779,Ryan Mountcastle,BAL,1B,09/13/23,Shoulder discomfort,Activated,09/17/23,09/27/23,09/27/23,Activated
780,Tejay Antone,CIN,RP,09/13/23,Elbow discomfort,15-Day IL,09/14/23,09/29/23,,Questionable for 2023 season
781,Alex Faedo,DET,SP/RP,09/13/23,Blister on finger (right middle),15-Day IL,09/16/23,10/01/23,,Out for 2023 season
782,Cole Waites,SFG,RP,09/13/23,Tommy John surgery,60-Day IL,07/15/23,09/13/23,,Out for 2023 season
783,Scott McGough,ARI,RP,09/14/23,Shoulder inflammation,15-Day IL,09/15/23,09/30/23,,No timetable for return
784,Triston Casas,BOS,1B,09/14/23,Shoulder inflammation,10-Day IL,09/15/23,09/25/23,,No timetable for return
785,Jose Miranda,MIN,3B,09/14/23,Shoulder surgery,60-Day IL,07/12/23,09/10/23,,Out for 2023 season
786,Wandy Peralta,NYY,RP,09/14/23,Strained triceps,15-Day IL,09/19/23,10/04/23,,Out for 2023 season
787,Travis Blankenhorn,WSN,INF/OF,09/14/23,Plantar fascitis,10-Day IL,09/16/23,09/26/23,,No timetable for return
788,Luis Rengifo,LAA,INF/OF,09/15/23,Biceps surgery,60-Day IL,09/08/23,11/07/23,,Out for 2023 season
789,Anthony Misiewicz,NYY,RP,09/15/23,Concussion,7-Day IL,09/16/23,09/23/23,,No timetable for return
790,Ian Kennedy,TEX,RP,09/15/23,Strained shoulder (rotator cuff),60-Day IL,09/16/23,11/15/23,,Out for 2023 season
791,Nick Madrigal,CHC,INF,09/16/23,Strained hamstring,60-Day IL,09/17/23,11/16/23,,Out for 2023 season
792,Gregory Santos,CHW,RP,09/16/23,Elbow inflammation,15-Day IL,09/17/23,10/02/23,,Out for 2023 season
793,Tanner Bibee,CLE,SP,09/16/23,Hip inflammation,60-Day IL,09/17/23,11/16/23,,Out for 2023 season
794,Kyle Freeland,COL,SP,09/16/23,Strained oblique,15-Day IL,09/17/23,10/02/23,,Out for 2023 season
795,Salvador Perez,KCR,C,09/16/23,Concussion,Activated,09/17/23,09/24/23,09/24/23,Activated
796,Tyler Anderson,LAA,SP,09/16/23,Knee discomfort,15-Day IL,09/21/23,10/06/23,,Out for 2023 season
797,Kyren Paris,LAA,INF/OF,09/16/23,Torn thumb ligament,60-Day IL,09/17/23,11/16/23,,Out for 2023 season
798,Elvis Peguero,MIL,RP,09/16/23,Elbow effusion,Activated,09/17/23,10/02/23,10/02/23,Activated
799,Tyler O'Neill,STL,OF,09/16/23,Sprained foot,10-Day IL,09/17/23,09/27/23,,No timetable for return
800,Harrison Bader,CIN,OF,09/17/23,Strained groin,10-Day IL,09/18/23,09/28/23,,Out for 2023 season
801,Brad Keller,KCR,RP,09/17/23,Thoracic outlet syndrome,15-Day IL,09/18/23,10/03/23,,Out for 2023 season
802,Thyago Vieira,MIL,RP,09/17/23,Strained calf,15-Day IL,09/18/23,10/03/23,,No timetable for return
803,Giovanny Gallegos,STL,RP,09/17/23,Shoulder tendonitis (rotator cuff),15-Day IL,09/18/23,10/03/23,,Out for 2023 season
804,Brady Singer,KCR,SP,09/18/23,Strained back,15-Day IL,09/19/23,10/04/23,,Out for 2023 season
805,Carlos Correa,MIN,SS,09/18/23,Plantar fascitis,Activated,09/19/23,09/29/23,10/02/23,Activated
806,Aaron Loup,LAA,RP,09/19/23,Strained shoulder,60-Day IL,09/20/23,11/19/23,,Out for 2023 season
807,Royce Lewis,MIN,3B,09/19/23,Strained hamstring,Activated,09/20/23,09/30/23,10/02/23,Activated
808,Erich Uelmen,PHI,RP,09/19/23,Strained elbow flexor,60-Day IL,09/30/23,11/29/23,,Out for 2023 season
809,Alex Cobb,SFG,SP,09/19/23,Hip impingement,15-Day IL,09/20/23,10/05/23,,No timetable for return
810,Dylan Carlson,STL,OF,09/19/23,Ankle surgery (bone spurs),60-Day IL,08/10/23,10/09/23,,Out for 2023 season
811,Alec Burleson,STL,OF/1B,09/19/23,Fractured thumb,10-Day IL,09/20/23,09/30/23,,Out for 2023 season
812,Luis Urías,BOS,INF,09/20/23,Strained calf,10-Day IL,09/21/23,10/01/23,,Out for 2023 season
813,Jesse Scholtens,CHW,SP,09/20/23,Strained calf,15-Day IL,09/21/23,10/06/23,,Out for 2023 season
814,Riley Greene,DET,OF,09/20/23,Tommy John surgery (non-throwing),60-Day IL,09/02/23,11/01/23,,Out for 2023 season
815,Eury Pérez,MIA,SP,09/20/23,Shoulder inflammation (SI joint),15-Day IL,09/21/23,10/06/23,,No timetable for return
816,Tommy Kahnle,NYY,RP,09/20/23,Shoulder inflammation,15-Day IL,09/22/23,10/07/23,,Out for 2023 season
817,Jasson Domínguez,NYY,OF,09/20/23,Tommy John surgery,60-Day IL,09/10/23,11/09/23,,Out for 2023 season
818,Sean Newcomb,OAK,SP,09/20/23,Knee surgery,60-Day IL,09/16/23,11/15/23,,Out for 2023 season
819,Tim Hill,SDP,RP,09/20/23,Finger surgery (left ring),60-Day IL,09/11/23,11/10/23,,Out for 2023 season
820,Brandon Crawford,SFG,SP,09/20/23,Strained hamstring,Activated,09/21/23,10/01/23,10/01/23,Activated
821,Keaton Winn,SFG,SP,09/20/23,COVID-19,Activated,09/19/23,09/26/23,09/29/23,Activated
822,Willson Contreras,STL,C,09/20/23,Wrist tendonitis,10-Day IL,09/21/23,10/01/23,,Out for 2023 season
823,Luke Raley,TBR,OF/1B,09/20/23,Strained neck,10-Day IL,09/21/23,10/01/23,,No timetable for return
824,Max Fried,ATL,SP,09/21/23,Blister on finger (left index) ,Activated,09/22/23,10/07/23,10/07/23,Activated
825,Brad Boxberger,CHC,RP,09/21/23,Strained forearm,15-Day IL,09/22/23,10/07/23,,Out for 2023 season
826,C.J. Cron,LAA,1B,09/21/23,Lower back inflammation,10-Day IL,09/22/23,10/02/23,,Out for 2023 season
827,Colin Holderman,PIT,RP,09/21/23,Sprained thumb,15-Day IL,09/22/23,10/07/23,,Out for 2023 season
828,Scott Alexander,SFG,RP,09/21/23,Strained hamstring,15-Day IL,09/22/23,10/07/23,,No timetable for return
829,Nolan Arenado,STL,3B,09/21/23,Lower back spasms,10-Day IL,09/22/23,10/02/23,,Out for 2023 season
830,Brandon Lowe,TBR,2B,09/21/23,Fractured kneecap,10-Day IL,09/22/23,10/02/23,,Questionable for 2023 season
831,Jake Irvin,WSN,SP,09/21/23,Ankle tendinitis,15-Day IL,09/22/23,10/07/23,,Out for 2023 season
832,Charlie Morton,ATL,SP,09/22/23,Finger inflammation (right index),15-Day IL,09/23/23,10/08/23,,No timetable for return
833,Michael Kopech,CHW,SP,09/22/23,Knee surgery (cyst removal),15-Day IL,09/21/23,10/06/23,,Out for 2023 season
834,Bailey Falter,PIT,SP,09/23/23,Neck discomfort,15-Day IL,09/24/23,10/09/23,,Out for 2023 season
835,Jakob Junis,SFG,RP,09/23/23,Strained neck,15-Day IL,09/24/23,10/09/23,,No timetable for return
836,Luis Robert Jr.,CHW,OF,09/24/23,Sprained knee,10-Day IL,09/25/23,10/05/23,,Out for 2023 season
837,Luis Campusano,SDP,C,09/24/23,Sprained ankle,10-Day IL,09/27/23,10/07/23,,Out for 2023 season
838,Mitch Haniger,SFG,OF,09/25/23,Strained lower back,10-Day IL,09/26/23,10/06/23,,Out for 2023 season
839,Jon Gray,TEX,RP,09/25/23,Strained forearm,Activated,09/26/23,10/11/23,10/11/23,Activated
840,Gabriel Arias,CLE,INF,09/26/23,Fractured wrist,10-Day IL,09/27/23,10/07/23,,Out for 2023 season
841,Daniel Bard,COL,RP,09/26/23,Strained flexor,15-Day IL,09/27/23,10/12/23,,Out for 2023 season
842,Ryan Feltner,COL,SP,09/26/23,Elbow inflammation,15-Day IL,09/27/23,10/12/23,,Out for 2023 season
843,Patrick Sandoval,LAA,SP,09/26/23,Strained oblique,15-Day IL,09/25/23,10/10/23,,Out for 2023 season
844,J.D. Davis,SFG,3B/1B,09/26/23,Strained shoulder,10-Day IL,09/27/23,10/07/23,,Out for 2023 season
845,Daniel Duarte,CIN,RP,09/27/23,Shoulder tightness,15-Day IL,09/28/23,10/13/23,,Questionable for 2023 season
846,Jeff McNeil,NYM,INF/OF,09/27/23,Sprained elbow,10-Day IL,09/28/23,10/08/23,,Out for 2023 season
847,Dylan Covey,PHI,RP,09/27/23,Lower back discomfort,15-Day IL,09/28/23,10/13/23,,Questionable for 2023 season
848,Kyle Wright,ATL,SP,09/28/23,Strained shoulder,60-Day IL,10/04/23,12/03/23,,Out for 2023 season
849,Chris Martin,BOS,RP,09/28/23,Viral infection,15-Day IL,09/25/23,10/10/23,,Out for 2023 season
850,Brandon Nimmo,NYM,OF,09/28/23,Sprained shoulder,10-Day IL,09/29/23,10/09/23,,Out for 2023 season
851,Jackson Stephens,ATL,RP,09/29/23,Elbow inflammation,15-Day IL,09/30/23,10/15/23,,Questionable for 2023 season
852,Nico Hoerner,CHC,2B,09/29/23,Knee contusion,15-Day IL,09/30/23,10/10/23,,Out for 2023 season
853,Dallas Keuchel,MIN,SP,09/30/23,Strained calf,15-Day IL,10/01/23,10/16/23,,Questionable for 2023 season
854,Sandy Alcantara,MIA,SP,10/06/23,Tommy John surgery,15-Day IL,09/04/23,09/19/23,,Out for 2023 season
855,Félix Bautista,BAL,RP,10/09/23,Tommy John surgery,15-Day IL,08/26/23,09/10/23,,Out for 2023 season
