"last_name, first_name","player_id","year","player_age","hit","single","double","triple","home_run","strikeout","walk","k_percent","bb_percent","batting_avg"
"Colon, Bartolo","112526","2015","42","217","149","41","2","25","136","24",16.7,2.9,".281"
"Burnett, A.J.","150359","2015","38","174","134","24","5","11","143","49",20.5,7,".275"
"Hudson, Tim","218596","2015","39","134","103","16","2","13","64","37",12.2,7,".282"
"Buehrle, Mark","279824","2015","36","214","140","46","6","22","91","33",11,4,".279"
"Sabathia, CC","282332","2015","34","188","134","22","4","28","137","50",18.9,6.9,".285"
"Vogelsong, Ryan","285064","2015","37","140","87","29","7","17","108","58",18.1,9.7,".265"
"Dickey, R.A.","285079","2015","40","195","125","37","8","25","126","61",14.3,6.9,".244"
"Lohse, Kyle","346798","2015","36","180","115","34","2","29","108","43",16.2,6.5,".297"
"Lackey, John","407793","2015","36","211","156","32","2","21","175","53",19.5,5.9,".256"
"De La Rosa, Jorge","407822","2015","34","137","82","35","3","17","134","65",21.1,10.3,".247"
"Lewis, Colby","407890","2015","35","211","137","44","4","26","142","42",16.5,4.9,".266"
"Harang, Aaron","421685","2015","37","189","121","31","11","26","108","51",14.4,6.8,".278"
"Guthrie, Jeremy","425386","2015","36","186","124","30","3","29","84","44",12.7,6.6,".310"
"Williams, Jerome","425532","2015","33","161","112","27","0","22","74","34",13.4,6.1,".317"
"Greinke, Zack","425844","2015","31","148","109","22","3","14","200","40",23.7,4.7,".187"
"Haren, Dan","429717","2015","34","174","97","44","2","31","132","38",17.2,4.9,".245"
"Simon, Alfredo","430580","2015","34","201","120","47","10","24","117","68",14.3,8.3,".276"
"Hamels, Cole","430935","2015","31","190","131","35","2","22","215","62",24.4,7,".237"
"Kazmir, Scott","431148","2015","31","162","111","28","3","20","155","59",20.3,7.7,".237"
"Danks, John","433579","2015","30","195","119","47","5","24","124","56",16.1,7.3,".281"
"Hernández, Félix","433587","2015","29","180","125","27","5","23","191","58",23.2,7,".240"
"Verlander, Justin","434378","2015","32","113","78","20","2","13","113","32",21.1,6,".229"
"Liriano, Francisco","434538","2015","31","155","112","25","3","15","205","70",26.5,9.1,".223"
"Jiménez, Ubaldo","434622","2015","31","182","128","29","5","20","168","68",21.2,8.6,".257"
"Hammel, Jason","434628","2015","32","158","91","37","7","23","172","40",24.2,5.6,".242"
"Sánchez, Aníbal","434671","2015","31","152","88","32","3","29","138","49",20.9,7.4,".252"
"Chavez, Jesse","445926","2015","31","164","114","31","1","18","136","48",20.2,7.1,".268"
"Kluber, Corey","446372","2015","29","189","120","45","2","22","245","45",27.7,5.1,".231"
"Shields, James","448306","2015","33","189","107","43","6","33","216","81",25.1,9.4,".248"
"García, Jaime","448802","2015","28","106","83","17","0","6","97","30",19,5.9,".225"
"Volquez, Edinson","450172","2015","31","190","134","36","4","16","155","72",18.2,8.5,".251"
"Morton, Charlie","450203","2015","31","137","87","33","4","13","96","41",17.1,7.3,".271"
"Weaver, Jered","450308","2015","32","163","97","39","3","24","90","33",13.5,4.9,".264"
"Wilson, C.J.","450351","2015","34","118","83","21","1","13","110","46",19.9,8.3,".240"
"Gallardo, Yovani","451596","2015","29","193","137","33","8","15","121","68",15.3,8.6,".268"
"Lester, Jon","452657","2015","31","183","119","42","6","16","207","47",25,5.7,".240"
"Kendrick, Kyle","452718","2015","30","172","96","35","8","33","80","45",12.7,7.2,".302"
"Kennedy, Ian","453178","2015","30","166","85","39","11","31","174","51",24.4,7.2,".258"
"Scherzer, Max","453286","2015","30","176","106","40","3","27","276","34",30.7,3.8,".208"
"Arrieta, Jake","453562","2015","29","150","104","32","4","10","236","48",27.1,5.5,".185"
"Price, David","456034","2015","29","190","129","40","4","17","225","47",25.3,5.3,".230"
"González, Miguel","456068","2015","31","151","98","26","3","24","109","51",17.5,8.2,".270"
"Cueto, Johnny","456501","2015","29","194","124","44","5","21","176","46",20.3,5.3,".242"
"Happ, J.A.","457918","2015","32","173","118","38","1","16","151","45",21.1,6.3,".259"
"Lynn, Lance","458681","2015","28","172","122","33","4","13","167","68",22.2,9.1,".258"
"Pelfrey, Mike","460059","2015","31","198","150","36","1","11","86","45",12,6.3,".304"
"Gonzalez, Gio","461829","2015","29","181","134","31","8","8","169","69",22.3,9.1,".269"
"Hughes, Phil","461833","2015","29","184","113","40","2","29","94","16",14.4,2.5,".293"
"Estrada, Marco","462136","2015","31","134","81","24","5","24","131","55",18.1,7.6,".203"
"Carrasco, Carlos","471911","2015","28","154","100","31","5","18","216","43",29.6,5.9,".228"
"Anderson, Brett","474463","2015","27","194","147","26","3","18","116","46",15.5,6.1,".278"
"Ross, Tyson","475115","2015","28","172","129","28","6","9","212","84",25.8,10.2,".237"
"Hellickson, Jeremy","476451","2015","28","151","85","40","4","22","121","43",19,6.8,".264"
"Warren, Adam","476589","2015","27","114","82","20","2","10","104","39",19.5,7.3,".236"
"Niese, Jonathon","477003","2015","28","192","136","33","3","20","113","55",14.7,7.1,".280"
"Kershaw, Clayton","477132","2015","27","163","120","26","2","15","301","42",33.8,4.7,".194"
"Cashner, Andrew","488768","2015","28","200","135","40","6","19","165","66",20.5,8.2,".279"
"Miley, Wade","489119","2015","28","201","127","51","6","17","147","64",17.7,7.7,".265"
"Garza, Matt","490063","2015","31","176","115","37","1","23","104","57",15.6,8.6,".294"
"Quintana, Jose","500779","2015","26","218","148","47","7","16","177","44",20.5,5.1,".272"
"Pineda, Michael","501381","2015","26","176","113","37","5","21","156","21",23.4,3.1,".278"
"Tillman, Chris","501957","2015","27","176","111","42","3","20","120","64",16.2,8.6,".267"
"Karns, Nate","501992","2015","27","132","90","21","2","19","145","56",23.3,9,".239"
"Archer, Chris","502042","2015","26","175","125","31","0","19","252","66",29,7.6,".220"
"Gibson, Kyle","502043","2015","27","186","127","41","0","18","145","65",17.7,7.9,".252"
"Locke, Jeff","502046","2015","27","179","130","32","2","15","129","60",17.5,8.2,".274"
"Samardzija, Jeff","502188","2015","30","228","150","40","9","29","163","49",17.9,5.4,".273"
"Leake, Mike","502190","2015","27","174","113","36","3","22","119","49",15.3,6.3,".243"
"Santiago, Héctor","502327","2015","27","156","87","37","3","29","162","71",20.9,9.1,".227"
"Anderson, Chase","502624","2015","27","158","104","33","3","18","111","40",17.3,6.3,".272"
"Salazar, Danny","517593","2015","25","156","98","28","7","23","195","53",25.8,7,".226"
"Bettis, Chad","518452","2015","26","120","69","37","3","11","98","42",19.5,8.4,".268"
"Bumgarner, Madison","518516","2015","25","181","125","30","5","21","234","39",26.9,4.5,".222"
"Duffy, Danny","518633","2015","26","137","99","18","5","15","102","53",17.3,9,".264"
"Harvey, Matt","518774","2015","26","156","109","26","3","18","188","37",24.9,4.9,".222"
"Heston, Chris","518790","2015","27","169","111","36","6","16","141","64",18.9,8.6,".253"
"Nelson, Jimmy","519076","2015","26","163","111","32","2","18","148","65",19.7,8.6,".246"
"Porcello, Rick","519144","2015","26","196","134","35","2","25","149","38",20.2,5.2,".287"
"Sale, Chris","519242","2015","26","185","127","32","3","23","274","42",32.1,4.9,".233"
"Zimmermann, Jordan","519455","2015","29","204","153","25","2","24","164","39",19.7,4.7,".264"
"Kelly, Joe","523260","2015","27","145","100","25","5","15","110","49",18.7,8.3,".276"
"De La Rosa, Rubby","523989","2015","26","193","118","42","1","32","150","63",18.5,7.8,".265"
"Teheran, Julio","527054","2015","24","189","127","32","3","27","171","73",20.3,8.7,".253"
"Shoemaker, Matt","533167","2015","28","135","83","28","0","24","116","35",20.4,6.2,".259"
"Ramírez, Erasmo","541640","2015","25","145","100","28","1","16","126","40",18.9,6,".236"
"Cole, Gerrit","543037","2015","24","183","136","31","5","11","202","44",24.3,5.3,".239"
"DeSclafani, Anthony","543101","2015","25","194","131","43","3","17","151","55",19.2,7,".273"
"Eovaldi, Nathan","543135","2015","25","175","139","25","1","10","121","49",18,7.3,".285"
"Gray, Sonny","543243","2015","25","166","125","23","1","17","169","59",20.3,7.1,".217"
"Hendricks, Kyle","543294","2015","25","166","110","36","3","17","167","43",22.6,5.8,".244"
"Koehler, Tom","543408","2015","29","180","119","36","3","22","137","77",17.1,9.6,".255"
"McHugh, Collin","543521","2015","28","207","147","39","2","19","171","53",19.9,6.2,".263"
"Milone, Tommy","543548","2015","28","128","83","26","2","17","91","36",16.8,6.6,".260"
"Odorizzi, Jake","543606","2015","25","149","87","36","8","18","150","46",21.4,6.6,".231"
"Rusin, Chris","543734","2015","28","170","107","38","6","19","86","41",14.5,6.9,".310"
"Strasburg, Stephen","544931","2015","26","115","79","18","4","14","155","26",29.6,5,".236"
"Bauer, Trevor","545333","2015","24","152","96","29","4","23","170","79",22.8,10.6,".232"
"Lorenzen, Michael","547179","2015","23","131","75","35","3","18","83","57",16.1,11.1,".292"
"Iwakuma, Hisashi","547874","2015","34","117","75","23","1","18","111","21",21.5,4.1,".240"
"Tanaka, Masahiro","547888","2015","26","126","65","33","3","25","139","27",22.9,4.4,".221"
"Pérez, Williams","554234","2015","24","130","94","20","3","13","73","51",14.2,9.9,".291"
"Ventura, Yordano","570649","2015","24","154","107","27","6","14","156","58",22.5,8.4,".248"
"Fiers, Mike","571666","2015","30","162","102","29","7","24","180","64",23.7,8.4,".238"
"Hutchison, Drew","571800","2015","24","179","117","40","0","22","129","44",19.4,6.6,".297"
"Miller, Shelby","571946","2015","24","183","124","41","5","13","171","73",19.9,8.5,".238"
"Richards, Garrett","572070","2015","27","181","126","35","0","20","176","76",20.3,8.8,".236"
"Keuchel, Dallas","572971","2015","27","185","138","28","2","17","216","51",23.7,5.6,".217"
"Ray, Robbie","592662","2015","23","121","76","30","6","9","119","49",21.8,9,".255"
"Syndergaard, Noah","592789","2015","22","126","84","17","6","19","166","31",27.5,5.1,".225"
"Walker, Taijuan","592836","2015","22","163","107","31","0","25","157","39",22.3,5.5,".252"
"Martinez, Carlos","593372","2015","23","168","120","31","4","13","184","63",24.4,8.3,".250"
"Rodriguez, Eduardo","593958","2015","22","120","85","20","2","13","98","37",18.8,7.1,".255"
"deGrom, Jacob","594798","2015","27","149","109","24","0","16","205","38",27.3,5.1,".215"
"Rodón, Carlos","607074","2015","22","130","91","24","4","11","139","71",22.9,11.7,".251"
"Martinez, Nick","607259","2015","24","135","86","27","6","16","77","46",13.8,8.2,".274"
"Wacha, Michael","608379","2015","23","162","109","31","3","19","153","58",20.1,7.6,".236"
"Graveman, Kendall","608665","2015","24","126","89","22","0","15","77","38",15.3,7.6,".276"
"Chen, Wei-Yin","612672","2015","29","192","110","50","4","28","153","41",19.3,5.2,".262"
"McCullers Jr., Lance","621121","2015","21","106","66","26","4","10","129","43",24.8,8.3,".226"
"Wood, Alex","622072","2015","24","198","149","29","5","15","139","59",17.4,7.4,".275"
"Despaigne, Odrisamer","628333","2015","28","142","94","26","5","17","69","33",12.6,6,".287"
"Colon, Bartolo","112526","2016","43","200","134","36","6","24","128","32",16.2,4,".268"
"Sabathia, CC","282332","2016","35","172","122","26","2","22","152","65",19.8,8.5,".250"
"Dickey, R.A.","285079","2016","41","169","97","39","5","28","126","63",17.3,8.7,".258"
"Lackey, John","407793","2016","37","146","96","25","2","23","180","53",24.1,7.1,".218"
"De La Rosa, Jorge","407822","2016","35","157","101","31","2","23","108","63",17.6,10.3,".293"
"Peavy, Jake","408241","2016","35","134","72","36","8","18","102","36",19.6,6.9,".282"
"Wainwright, Adam","425794","2016","34","220","146","48","4","22","161","59",19,7,".287"
"Greinke, Zack","425844","2016","32","161","100","33","5","23","134","41",20.1,6.1,".262"
"Santana, Ervin","429722","2016","33","168","113","36","0","19","149","53",19.9,7.1,".245"
"Hamels, Cole","430935","2016","32","185","130","30","1","24","200","77",23.6,9.1,".243"
"Kazmir, Scott","431148","2016","32","133","81","29","2","21","134","52",22.7,8.8,".253"
"Hernández, Félix","433587","2016","30","138","90","27","2","19","122","65",18.6,9.9,".239"
"Verlander, Justin","434378","2016","33","171","102","35","4","30","254","57",28.1,6.3,".207"
"Liriano, Francisco","434538","2016","32","157","104","23","4","26","168","85",23,11.6,".252"
"Jiménez, Ubaldo","434622","2016","32","150","101","30","3","16","125","72",19.6,11.3,".268"
"Hammel, Jason","434628","2016","33","148","88","31","4","25","144","53",20.8,7.7,".239"
"Sánchez, Aníbal","434671","2016","32","171","114","25","2","30","135","53",20.2,7.9,".285"
"Nolasco, Ricky","445060","2016","33","202","131","41","4","26","144","44",17.6,5.4,".267"
"Kluber, Corey","446372","2016","30","170","106","39","3","22","227","57",26.4,6.6,".216"
"Shields, James","448306","2016","34","208","121","41","6","40","135","82",16.4,10,".288"
"García, Jaime","448802","2016","29","179","112","40","1","26","150","57",20.2,7.7,".268"
"Volquez, Edinson","450172","2016","32","217","150","41","3","23","139","76",16.3,8.9,".286"
"Weaver, Jered","450308","2016","33","209","131","38","3","37","103","51",13.4,6.7,".297"
"Fister, Doug","450729","2016","32","195","124","44","3","24","115","62",14.8,8,".276"
"Gallardo, Yovani","451596","2016","30","126","80","27","3","16","85","61",16.2,11.6,".276"
"Lester, Jon","452657","2016","32","154","107","25","1","21","197","52",24.7,6.5,".211"
"Kennedy, Ian","453178","2016","31","173","110","29","1","33","184","66",22.5,8.1,".236"
"Wright, Steven","453214","2016","31","138","104","17","5","12","127","57",19.4,8.7,".235"
"Scherzer, Max","453286","2016","31","165","93","37","4","31","284","56",31.5,6.2,".199"
"Buchholz, Clay","453329","2016","31","130","86","22","1","21","93","55",15.8,9.4,".250"
"Arrieta, Jake","453562","2016","30","138","93","27","2","16","190","76",23.9,9.6,".194"
"Price, David","456034","2016","30","227","151","40","6","30","228","50",24,5.3,".258"
"González, Miguel","456068","2016","32","132","90","30","1","11","95","35",16.8,6.2,".254"
"Griffin, A.J.","456167","2016","28","116","66","17","5","28","107","46",21,9,".256"
"Cueto, Johnny","456501","2016","30","195","139","36","5","15","198","45",22.5,5.1,".238"
"Happ, J.A.","457918","2016","33","168","113","31","2","22","163","60",20.5,7.5,".231"
"Tomlin, Josh","458708","2016","31","187","111","37","3","36","118","20",16.3,2.8,".269"
"Pelfrey, Mike","460059","2016","32","160","120","22","3","15","56","46",10.4,8.5,".332"
"Gonzalez, Gio","461829","2016","30","179","123","34","3","19","171","59",22.4,7.7,".262"
"Estrada, Marco","462136","2016","32","132","79","26","4","23","165","65",22.8,9,".203"
"Nova, Iván","467100","2016","29","175","103","46","3","23","127","28",18.6,4.1,".275"
"Chacín, Jhoulys","468504","2016","28","153","109","27","3","14","119","55",18.8,8.7,".272"
"Carrasco, Carlos","471911","2016","29","134","75","36","2","21","150","34",25,5.7,".240"
"Hellickson, Jeremy","476451","2016","29","173","101","44","4","24","154","45",19.9,5.8,".243"
"Niese, Jonathon","477003","2016","29","145","91","22","7","25","88","47",16.1,8.6,".297"
"Kershaw, Clayton","477132","2016","28","97","70","18","1","8","172","11",31.6,2,".184"
"Cashner, Andrew","488768","2016","29","142","81","34","8","19","112","60",19.1,10.2,".279"
"Miley, Wade","489119","2016","29","187","122","39","1","25","137","49",19.3,6.9,".288"
"Quintana, Jose","500779","2016","27","192","123","46","1","22","181","50",21.6,6,".246"
"Pineda, Michael","501381","2016","27","184","108","43","6","27","207","53",27.4,7,".266"
"Tillman, Chris","501957","2016","28","155","89","44","3","19","140","66",19.6,9.2,".244"
"Archer, Chris","502042","2016","27","183","118","33","2","30","233","67",27.4,7.9,".238"
"Gibson, Kyle","502043","2016","28","175","123","29","3","20","104","55",15.9,8.4,".298"
"Locke, Jeff","502046","2016","28","151","95","35","4","17","73","44",13,7.8,".298"
"Samardzija, Jeff","502188","2016","31","190","121","37","8","24","167","54",20.1,6.5,".249"
"Leake, Mike","502190","2016","28","203","141","39","3","20","125","30",16.5,4,".288"
"Santiago, Héctor","502327","2016","28","169","98","34","4","33","144","79",18.3,10.1,".245"
"Anderson, Chase","502624","2016","28","155","85","38","4","28","120","53",18.5,8.2,".266"
"Peralta, Wily","503449","2016","27","152","99","31","3","19","93","43",16.8,7.8,".305"
"Nicasio, Juan","504379","2016","29","117","72","24","6","15","138","45",26.9,8.8,".261"
"Salazar, Danny","517593","2016","26","121","80","24","1","16","161","63",27.6,10.8,".235"
"Bettis, Chad","518452","2016","27","204","138","35","9","22","138","59",17,7.2,".278"
"Bumgarner, Madison","518516","2016","26","179","114","37","2","26","251","54",27.5,5.9,".213"
"Duffy, Danny","518633","2016","27","163","100","33","3","27","188","42",25.7,5.7,".241"
"Gee, Dillon","518716","2016","30","146","106","14","2","24","89","37",16.2,6.7,".291"
"Moore, Matt","519043","2016","27","184","133","25","1","25","178","72",21.2,8.6,".245"
"Nelson, Jimmy","519076","2016","27","186","128","29","4","25","140","86",17.3,10.7,".268"
"Pomeranz, Drew","519141","2016","27","137","86","29","0","22","186","65",26.5,9.2,".217"
"Porcello, Rick","519144","2016","27","193","129","36","5","23","189","32",21.2,3.6,".230"
"Sale, Chris","519242","2016","27","190","126","34","3","27","233","45",25.7,5,".227"
"Pérez, Martín","527048","2016","25","205","141","45","1","18","103","76",12,8.9,".270"
"Teheran, Julio","527054","2016","25","157","99","31","5","22","167","41",22,5.4,".223"
"Shoemaker, Matt","533167","2016","29","166","111","33","4","18","143","30",21.4,4.5,".266"
"Andriese, Matt","542882","2016","26","131","88","26","0","17","109","25",20.7,4.7,".265"
"Chatwood, Tyler","543022","2016","26","147","97","32","3","15","117","70",17.5,10.5,".250"
"Cole, Gerrit","543037","2016","25","131","91","32","1","7","98","36",19.4,7.1,".289"
"Conley, Adam","543045","2016","26","125","82","27","3","13","124","62",21.3,10.6,".250"
"DeSclafani, Anthony","543101","2016","26","120","81","22","1","16","105","30",20.7,5.9,".259"
"Eovaldi, Nathan","543135","2016","26","123","70","28","2","23","97","40",18.5,7.6,".255"
"Friedrich, Christian","543184","2016","28","131","88","26","4","13","100","52",17.6,9.2,".259"
"Gray, Sonny","543243","2016","26","133","83","30","2","18","94","42",18.2,8.1,".286"
"Hendricks, Kyle","543294","2016","26","142","97","28","2","15","170","44",22.8,5.9,".207"
"Koehler, Tom","543408","2016","30","176","114","38","2","22","147","83",19,10.7,".261"
"McHugh, Collin","543521","2016","29","206","135","40","6","25","177","54",22.3,6.8,".282"
"Odorizzi, Jake","543606","2016","26","170","105","33","3","29","166","54",21.5,7,".241"
"Roark, Tanner","543699","2016","29","173","134","20","2","17","172","73",20.1,8.5,".228"
"Strasburg, Stephen","544931","2016","27","119","75","26","3","15","183","44",30.6,7.4,".218"
"Bauer, Trevor","545333","2016","25","179","119","36","4","20","168","70",20.7,8.6,".248"
"Iwakuma, Hisashi","547874","2016","35","218","145","43","2","28","147","46",17.6,5.5,".282"
"Tanaka, Masahiro","547888","2016","27","179","121","34","2","22","165","36",20.5,4.5,".236"
"Ventura, Yordano","570649","2016","25","190","129","35","3","23","144","78",17.6,9.6,".263"
"Corbin, Patrick","571578","2016","26","177","117","31","5","24","131","66",18.7,9.4,".286"
"Fiers, Mike","571666","2016","31","187","112","47","2","26","134","42",18.5,5.8,".280"
"Matz, Steven","571927","2016","25","129","95","19","1","14","129","31",23.6,5.7,".257"
"Paxton, James","572020","2016","27","134","95","26","4","9","117","24",22.9,4.7,".279"
"Keuchel, Dallas","572971","2016","28","168","107","35","6","20","144","48",20.5,6.8,".259"
"Straily, Dan","573185","2016","27","154","86","35","2","31","162","73",20.5,9.2,".220"
"Stroman, Marcus","573186","2016","25","209","141","44","3","21","166","54",19.4,6.3,".264"
"Foltynewicz, Mike","592314","2016","24","125","79","25","3","18","111","35",21.1,6.7,".263"
"Gausman, Kevin","592332","2016","25","183","123","31","1","28","174","47",23,6.2,".262"
"Gray, Jon","592351","2016","24","153","103","28","4","18","185","59",26,8.3,".243"
"Ray, Robbie","592662","2016","24","185","124","32","5","24","218","71",28.1,9.1,".267"
"Sanchez, Aaron","592717","2016","23","161","113","31","2","15","161","63",20.4,8,".224"
"Smyly, Drew","592767","2016","27","174","107","34","1","32","167","49",22.6,6.6,".259"
"Syndergaard, Noah","592789","2016","23","168","118","36","3","11","218","43",29.3,5.8,".243"
"Velasquez, Vince","592826","2016","24","129","84","23","1","21","152","45",27.6,8.2,".263"
"Walker, Taijuan","592836","2016","23","129","74","25","3","27","119","37",20.8,6.5,".247"
"Martinez, Carlos","593372","2016","24","169","128","25","1","15","174","70",21.5,8.7,".233"
"deGrom, Jacob","594798","2016","28","142","102","24","1","15","143","36",23.7,6,".255"
"Eickhoff, Jerad","595191","2016","25","187","108","43","6","30","167","42",20.6,5.2,".251"
"Bradley, Archie","605151","2016","23","154","94","40","4","16","143","67",22.4,10.5,".276"
"Davies, Zach","605200","2016","23","166","113","28","5","20","135","38",19.8,5.6,".263"
"Fernández, José","605228","2016","23","149","104","29","3","13","253","55",34.3,7.5,".224"
"Finnegan, Brandon","605232","2016","23","150","95","21","5","29","145","84",19.8,11.4,".236"
"Fulmer, Michael","605242","2016","23","136","92","27","1","16","132","42",20.4,6.5,".231"
"Morgan, Adam","605388","2016","26","141","82","33","3","23","95","29",18.7,5.7,".303"
"Wisler, Matt","605538","2016","23","159","105","24","4","26","115","49",17.1,7.3,".259"
"Perdomo, Luis","606131","2016","23","187","132","28","4","23","105","46",15.9,7,".310"
"Rodón, Carlos","607074","2016","23","176","123","28","2","23","168","54",23.5,7.6,".273"
"Wacha, Michael","608379","2016","24","159","99","41","4","15","114","45",18.8,7.4,".289"
"Duffey, Tyler","608648","2016","25","167","95","42","5","25","114","32",19.1,5.4,".301"
"Graveman, Kendall","608665","2016","25","196","138","34","2","22","108","47",13.8,6,".271"
"Chen, Wei-Yin","612672","2016","30","134","83","26","3","22","100","24",19.2,4.6,".276"
"Maeda, Kenta","628317","2016","28","150","107","21","2","20","179","50",25,7,".229"
"Manaea, Sean","640455","2016","24","135","86","27","2","20","124","37",20.9,6.2,".248"
"Colon, Bartolo","112526","2017","44","192","110","50","4","28","89","35",13.7,5.4,".318"
"Sabathia, CC","282332","2017","36","139","95","20","3","21","120","50",19.3,8,".246"
"Dickey, R.A.","285079","2017","42","193","116","46","5","26","136","67",16.7,8.2,".266"
"Lackey, John","407793","2017","38","165","97","30","2","36","149","53",20.4,7.3,".252"
"Wainwright, Adam","425794","2017","35","140","95","27","4","14","96","45",17.6,8.2,".286"
"Greinke, Zack","425844","2017","33","172","108","35","4","25","215","45",26.8,5.6,".230"
"Santana, Ervin","429722","2017","34","177","113","28","5","31","167","61",19.4,7.1,".225"
"Cain, Matt","430912","2017","32","157","111","25","3","18","75","49",13.2,8.6,".310"
"Hamels, Cole","430935","2017","33","125","77","28","2","18","105","53",17.1,8.6,".228"
"Verlander, Justin","434378","2017","34","170","112","29","2","27","219","72",25.8,8.5,".221"
"Jiménez, Ubaldo","434622","2017","33","169","93","39","4","33","139","58",21.5,9,".291"
"Hammel, Jason","434628","2017","34","209","146","35","2","26","145","48",18,6,".284"
"Nolasco, Ricky","445060","2017","34","205","117","52","1","35","143","58",18.2,7.4,".286"
"Chavez, Jesse","445926","2017","33","148","90","27","3","28","119","45",20.3,7.7,".276"
"Kluber, Corey","446372","2017","31","141","89","31","0","21","265","36",34.1,4.6,".193"
"Hill, Rich","448179","2017","37","99","64","15","2","18","166","49",30.1,8.9,".203"
"Shields, James","448306","2017","35","116","64","22","3","27","103","53",20,10.3,".253"
"García, Jaime","448802","2017","30","157","94","43","2","18","129","64",19.2,9.5,".261"
"Morton, Charlie","450203","2017","33","125","69","39","3","14","163","50",26.4,8.1,".228"
"Vargas, Jason","450306","2017","34","181","117","33","4","27","134","58",17.7,7.7,".264"
"Gallardo, Yovani","451596","2017","31","138","86","26","2","24","94","60",16.3,10.4,".271"
"Lester, Jon","452657","2017","33","179","116","34","3","26","180","60",23.6,7.9,".259"
"Kennedy, Ian","453178","2017","32","143","75","31","3","34","131","61",20,9.3,".246"
"Scherzer, Max","453286","2017","32","126","72","30","2","22","268","54",34.4,6.9,".178"
"Richard, Clayton","453385","2017","33","240","160","48","8","24","151","59",17.6,6.9,".308"
"Arrieta, Jake","453562","2017","31","150","89","33","5","23","163","55",23.1,7.8,".235"
"González, Miguel","456068","2017","33","167","101","39","5","22","100","55",14.6,8,".271"
"Cueto, Johnny","456501","2017","31","160","98","35","5","22","136","53",21,8.2,".277"
"Happ, J.A.","457918","2017","34","145","102","22","3","18","142","46",22.7,7.3,".252"
"Lynn, Lance","458681","2017","30","151","96","21","7","27","153","78",19.7,10.1,".223"
"Tomlin, Josh","458708","2017","32","166","101","41","1","23","109","14",18.6,2.4,".294"
"Pelfrey, Mike","460059","2017","33","127","77","22","3","25","79","62",14.5,11.4,".270"
"Gonzalez, Gio","461829","2017","31","158","106","31","0","21","188","79",22.7,9.6,".216"
"Estrada, Marco","462136","2017","33","186","102","49","4","31","176","71",21.8,8.8,".256"
"Nova, Iván","467100","2017","30","203","129","40","5","29","131","36",16.7,4.6,".277"
"Chacín, Jhoulys","468504","2017","29","157","105","31","2","19","153","72",20,9.4,".235"
"Carrasco, Carlos","471911","2017","30","173","106","44","2","21","226","46",28.3,5.8,".235"
"Hellickson, Jeremy","476451","2017","30","160","81","41","3","35","96","47",13.8,6.8,".255"
"Kershaw, Clayton","477132","2017","29","136","91","20","2","23","202","30",29.8,4.4,".212"
"Cashner, Andrew","488768","2017","30","156","115","25","1","15","86","64",12.2,9.1,".250"
"Miley, Wade","489119","2017","30","179","122","30","2","25","142","93",19.5,12.8,".287"
"Garza, Matt","490063","2017","33","121","75","25","4","17","79","45",15.7,8.9,".270"
"Ramírez, JC","500724","2017","28","149","101","26","1","21","105","49",16.9,7.9,".267"
"Quintana, Jose","500779","2017","28","170","107","36","4","23","207","61",26.2,7.7,".238"
"Archer, Chris","502042","2017","28","193","125","37","4","27","249","60",29.2,7,".246"
"Gibson, Kyle","502043","2017","29","182","123","32","3","24","121","60",17.5,8.7,".292"
"Cobb, Alex","502171","2017","29","175","116","36","1","22","128","44",17.3,5.9,".254"
"Samardzija, Jeff","502188","2017","32","204","122","40","12","30","205","32",24.2,3.8,".255"
"Leake, Mike","502190","2017","29","201","137","42","2","20","130","37",16.6,4.7,".278"
"Anderson, Chase","502624","2017","29","113","70","27","2","14","133","41",23.4,7.2,".220"
"Holland, Derek","502706","2017","30","156","90","31","4","31","104","75",16.6,12,".290"
"Peacock, Brad","502748","2017","29","100","66","22","2","10","161","57",29.5,10.4,".206"
"Darvish, Yu","506433","2017","30","159","96","35","1","27","209","58",27.3,7.6,".228"
"Duffy, Danny","518633","2017","28","143","98","25","7","13","130","41",21.3,6.7,".257"
"Moore, Matt","519043","2017","28","200","120","44","9","27","148","67",18.7,8.5,".283"
"Nelson, Jimmy","519076","2017","28","171","126","28","1","16","199","48",27.3,6.6,".257"
"Pomeranz, Drew","519141","2017","28","166","117","27","3","19","174","68",23.5,9.2,".252"
"Porcello, Rick","519144","2017","28","236","141","54","3","38","181","48",20.5,5.4,".286"
"Sale, Chris","519242","2017","28","165","104","34","3","24","308","43",36.2,5.1,".208"
"Zimmermann, Jordan","519455","2017","31","204","128","41","6","29","103","44",14.4,6.2,".313"
"Pérez, Martín","527048","2017","26","221","157","39","2","23","115","63",14.2,7.8,".301"
"Teheran, Julio","527054","2017","26","186","119","31","5","31","151","72",18.6,8.9,".257"
"Adleman, Tim","534947","2017","29","124","59","34","2","29","108","51",20.3,9.6,".264"
"Ramírez, Erasmo","541640","2017","27","123","70","31","0","22","109","31",20.2,5.8,".247"
"Chatwood, Tyler","543022","2017","27","136","81","26","9","20","120","77",19,12.2,".250"
"Cole, Gerrit","543037","2017","26","199","126","36","6","31","196","55",23.1,6.5,".254"
"Gray, Sonny","543243","2017","27","139","88","30","2","19","153","57",22.6,8.4,".226"
"Hendricks, Kyle","543294","2017","27","126","92","17","0","17","123","40",21.6,7,".242"
"Montgomery, Mike","543557","2017","27","103","75","18","0","10","100","55",18.5,10.2,".219"
"Odorizzi, Jake","543606","2017","27","117","64","21","2","30","127","61",21.1,10.1,".220"
"Roark, Tanner","543699","2017","30","178","120","31","4","23","166","64",21.4,8.2,".254"
"Strasburg, Stephen","544931","2017","28","131","86","31","1","13","204","47",29.1,6.7,".204"
"Bauer, Trevor","545333","2017","26","181","112","41","3","25","196","60",26.2,8,".266"
"Tanaka, Masahiro","547888","2017","28","180","103","42","0","35","194","41",25.8,5.5,".257"
"Ryu, Hyun Jin","547943","2017","30","128","77","27","2","22","116","45",21.4,8.3,".263"
"Ureña, José","570632","2017","25","152","96","25","5","26","113","64",15.6,8.8,".238"
"Boyd, Matthew","571510","2017","26","157","101","32","6","18","110","53",18.2,8.8,".291"
"Corbin, Patrick","571578","2017","27","208","128","47","7","26","178","61",21.5,7.4,".276"
"Fiers, Mike","571666","2017","32","157","98","24","3","32","146","62",21.8,9.3,".266"
"Paxton, James","572020","2017","28","113","80","24","0","9","156","37",28.3,6.7,".223"
"Keuchel, Dallas","572971","2017","29","116","83","18","0","15","125","47",21.4,8.1,".218"
"Straily, Dan","573185","2017","28","176","99","41","5","31","170","60",22.1,7.8,".256"
"Stroman, Marcus","573186","2017","26","201","146","33","1","21","164","62",19.7,7.4,".264"
"Foltynewicz, Mike","592314","2017","25","169","109","37","3","20","143","59",20.7,8.5,".277"
"Gausman, Kevin","592332","2017","26","208","138","39","2","29","179","71",21.9,8.7,".283"
"Ray, Robbie","592662","2017","25","116","73","18","2","23","218","71",32.8,10.7,".199"
"Taillon, Jameson","592791","2017","25","152","99","38","4","11","125","46",21.3,7.8,".290"
"Walker, Taijuan","592836","2017","24","148","89","37","5","17","146","61",21.4,8.9,".247"
"Williams, Trevor","592866","2017","25","145","99","30","2","14","117","52",18.2,8.1,".255"
"Martinez, Carlos","593372","2017","25","179","114","34","4","27","217","71",25.3,8.3,".232"
"Rodriguez, Eduardo","593958","2017","24","126","71","33","3","19","150","50",25.8,8.6,".241"
"deGrom, Jacob","594798","2017","29","180","124","25","3","28","239","59",28.9,7.1,".237"
"Eickhoff, Jerad","595191","2017","26","142","91","35","0","16","118","53",20.5,9.2,".281"
"Pivetta, Nick","601713","2017","24","144","89","27","3","25","140","57",24,9.8,".281"
"Bundy, Dylan","605164","2017","24","152","91","34","1","26","152","51",21.8,7.3,".240"
"Cotton, Jharel","605194","2017","25","133","76","29","0","28","105","53",18.6,9.4,".267"
"Davies, Zach","605200","2017","24","204","141","36","7","20","124","55",15.2,6.7,".275"
"Fulmer, Michael","605242","2017","24","150","112","23","2","13","114","40",16.9,5.9,".243"
"Nola, Aaron","605400","2017","24","154","103","29","4","18","184","49",26.6,7.1,".241"
"Snell, Blake","605483","2017","24","113","70","26","2","15","119","59",21.8,10.8,".234"
"Perdomo, Luis","606131","2017","24","182","126","39","0","17","118","65",16.5,9.1,".285"
"Montero, Rafael","606160","2017","26","141","104","25","0","12","114","67",20.7,12.2,".306"
"Gsellman, Robert","607229","2017","23","138","86","31","4","17","82","42",14.9,7.7,".280"
"Biagini, Joe","607352","2017","27","125","84","22","4","15","97","42",18.8,8.1,".265"
"Freeland, Kyle","607536","2017","24","169","115","34","3","17","107","63",15.6,9.2,".284"
"Wacha, Michael","608379","2017","25","170","117","33","3","17","158","55",22.5,7.8,".267"
"Márquez, Germán","608566","2017","22","174","105","37","7","25","147","49",21,7,".274"
"McCullers Jr., Lance","621121","2017","23","114","76","28","2","8","132","40",25.8,7.8,".249"
"Berríos, José","621244","2017","23","131","86","28","2","15","139","48",22.6,7.8,".239"
"Blach, Ty","621389","2017","26","179","120","36","6","17","73","43",10.5,6.2,".283"
"Wood, Alex","622072","2017","26","123","80","28","0","15","151","38",24.6,6.2,".217"
"Senzatela, Antonio","622608","2017","22","128","77","28","5","18","102","47",18.1,8.3,".254"
"Severino, Luis","622663","2017","23","150","99","30","0","21","230","51",29.4,6.5,".208"
"Maeda, Kenta","628317","2017","29","121","72","26","1","22","140","34",25.1,6.1,".238"
"Manaea, Sean","640455","2017","25","167","109","35","5","18","140","55",20.3,8,".268"
"Kuhl, Chad","641771","2017","24","159","96","41","5","17","142","72",20.9,10.6,".269"
"Godley, Zack","643327","2017","27","124","75","33","1","15","165","53",26.3,8.5,".221"
"Montgomery, Jordan","656756","2017","24","140","96","20","3","21","144","51",22.2,7.9,".236"
"Miranda, Aríel","664641","2017","28","140","73","27","3","37","137","63",20.2,9.3,".233"
"Colon, Bartolo","112526","2018","45","172","95","35","10","32","81","25",12.9,4,".291"
"Sabathia, CC","282332","2018","37","150","101","29","1","19","140","51",21.1,7.7,".250"
"Greinke, Zack","425844","2018","34","181","114","37","2","28","199","43",23.7,5.1,".231"
"Hamels, Cole","430935","2018","34","176","113","29","5","29","188","65",23.4,8.1,".246"
"Hernández, Félix","433587","2018","32","159","95","35","2","27","125","59",18.3,8.6,".262"
"Verlander, Justin","434378","2018","35","156","92","31","5","28","290","37",34.8,4.4,".200"
"Liriano, Francisco","434538","2018","34","127","85","18","5","19","110","73",18.8,12.5,".252"
"Hammel, Jason","434628","2018","35","168","108","37","5","18","92","39",15.8,6.7,".315"
"Sánchez, Aníbal","434671","2018","34","106","68","21","2","15","135","42",24.4,7.6,".213"
"Kluber, Corey","446372","2018","32","179","118","32","4","25","222","34",26.4,4,".223"
"Hill, Rich","448179","2018","38","108","62","23","3","20","150","41",27.4,7.5,".219"
"Shields, James","448306","2018","36","190","113","41","2","34","154","78",17.7,9,".245"
"Guerra, Junior","448855","2018","33","143","90","33","1","19","136","55",22.3,9,".264"
"Morton, Charlie","450203","2018","34","130","82","27","3","18","201","64",28.9,9.2,".213"
"Lester, Jon","452657","2018","34","174","120","27","3","24","149","64",19.6,8.4,".256"
"Kennedy, Ian","453178","2018","33","125","77","26","2","20","105","40",20.3,7.7,".265"
"LeBlanc, Wade","453281","2018","33","151","94","32","1","24","130","40",19.6,6,".246"
"Scherzer, Max","453286","2018","33","150","86","36","5","23","300","51",34.6,5.9,".188"
"Richard, Clayton","453385","2018","34","159","100","35","5","19","108","60",15.8,8.8,".263"
"Arrieta, Jake","453562","2018","32","165","109","34","1","21","138","57",19.1,7.9,".254"
"Price, David","456034","2018","32","151","94","28","4","25","177","50",24.5,6.9,".230"
"Happ, J.A.","457918","2018","35","150","95","27","1","27","193","51",26.4,7,".225"
"Lynn, Lance","458681","2018","31","163","114","32","3","14","161","76",23,10.9,".265"
"Gonzalez, Gio","461829","2018","32","167","109","40","1","17","148","80",19.8,10.7,".256"
"Estrada, Marco","462136","2018","34","155","75","49","2","29","103","50",16.4,8,".274"
"Nova, Iván","467100","2018","31","171","106","34","5","26","114","35",16.7,5.1,".268"
"Chacín, Jhoulys","468504","2018","30","153","98","32","5","18","156","71",19.6,8.9,".220"
"Carrasco, Carlos","471911","2018","31","173","115","31","6","21","231","43",29.5,5.5,".238"
"Ross, Tyson","475115","2018","31","132","83","28","4","17","122","62",19.2,9.8,".237"
"Kershaw, Clayton","477132","2018","30","139","90","30","2","17","155","29",23.9,4.5,".227"
"Cashner, Andrew","488768","2018","31","177","105","44","3","25","99","65",14.5,9.5,".291"
"Quintana, Jose","500779","2018","29","162","102","32","3","25","158","68",21.4,9.2,".246"
"Minor, Mike","501985","2018","30","138","70","38","5","25","132","38",20.6,5.9,".235"
"Archer, Chris","502042","2018","29","155","96","39","1","19","162","49",25.4,7.7,".268"
"Gibson, Kyle","502043","2018","30","177","121","30","3","23","179","79",21.7,9.6,".241"
"Cobb, Alex","502171","2018","30","172","105","38","5","24","102","43",15.4,6.5,".284"
"Leake, Mike","502190","2018","30","207","135","44","5","23","119","34",15.2,4.3,".280"
"Anderson, Chase","502624","2018","30","131","79","20","2","30","128","57",19.9,8.9,".228"
"Holland, Derek","502706","2018","31","154","90","42","3","19","169","67",23.2,9.2,".241"
"Bettis, Chad","518452","2018","29","121","73","28","2","18","80","47",15.4,9.1,".265"
"Bumgarner, Madison","518516","2018","28","118","74","27","3","14","109","43",19.8,7.8,".238"
"Duffy, Danny","518633","2018","29","161","111","24","3","23","141","70",20.4,10.1,".264"
"Harvey, Matt","518774","2018","29","165","103","32","3","27","131","37",19.8,5.6,".271"
"Porcello, Rick","519144","2018","29","177","118","29","3","27","190","48",23.5,5.9,".241"
"Sale, Chris","519242","2018","29","102","66","22","3","11","237","34",38.4,5.5,".181"
"Zimmermann, Jordan","519455","2018","32","140","83","23","6","28","111","26",20,4.7,".269"
"Teheran, Julio","527054","2018","27","122","67","25","4","26","162","84",22.4,11.6,".196"
"Anderson, Tyler","542881","2018","28","165","96","35","4","30","164","58",22.3,7.9,".248"
"Cole, Gerrit","543037","2018","27","143","86","36","2","19","276","64",34.5,8,".198"
"Gaviglio, Sam","543208","2018","28","140","91","25","3","21","105","38",19.2,6.9,".281"
"Gray, Sonny","543243","2018","28","138","90","34","0","14","123","57",21.1,9.8,".270"
"Hendricks, Kyle","543294","2018","28","184","126","31","5","22","161","44",19.8,5.4,".247"
"Montgomery, Mike","543557","2018","28","131","96","23","2","10","86","39",16.1,7.3,".272"
"Odorizzi, Jake","543606","2018","28","151","85","41","5","20","162","70",22.8,9.8,".242"
"Roark, Tanner","543699","2018","31","181","122","32","3","24","146","50",19.2,6.6,".262"
"Strasburg, Stephen","544931","2018","29","118","74","23","3","18","156","38",28.7,7,".240"
"Bauer, Trevor","545333","2018","27","134","93","30","2","9","221","57",30.8,7.9,".208"
"Tanaka, Masahiro","547888","2018","29","141","84","32","0","25","159","35",25,5.5,".240"
"Stripling, Ross","548389","2018","28","123","77","27","1","18","136","22",27,4.4,".257"
"Wheeler, Zack","554430","2018","28","150","115","20","1","14","179","55",24.1,7.4,".225"
"Ureña, José","570632","2018","26","155","106","28","2","19","130","51",18.3,7.2,".242"
"Boyd, Matthew","571510","2018","27","146","85","33","1","27","159","51",22.4,7.2,".228"
"Corbin, Patrick","571578","2018","28","162","104","43","0","15","246","48",30.8,6,".218"
"Fiers, Mike","571666","2018","33","166","99","32","3","32","139","37",19.5,5.2,".249"
"Heaney, Andrew","571760","2018","27","171","110","31","3","27","180","45",24,6,".248"
"Matz, Steven","571927","2018","27","134","78","29","2","25","152","58",23.2,8.9,".232"
"Mikolas, Miles","571945","2018","29","186","142","24","4","16","146","29",18.1,3.6,".245"
"Paxton, James","572020","2018","29","134","85","24","2","23","208","42",32.2,6.5,".224"
"Skaggs, Tyler","572140","2018","26","127","84","27","2","14","129","40",24.2,7.5,".262"
"Keuchel, Dallas","572971","2018","30","211","144","48","1","18","153","58",17.5,6.6,".263"
"Straily, Dan","573185","2018","29","107","59","28","0","20","99","52",19.1,10,".237"
"Covey, Dylan","592229","2018","26","129","97","17","2","13","91","51",16.8,9.4,".269"
"Foltynewicz, Mike","592314","2018","26","130","83","25","5","17","202","68",27.2,9.2,".195"
"Gausman, Kevin","592332","2018","27","189","121","39","3","26","148","50",19.1,6.4,".264"
"Gray, Jon","592351","2018","26","180","113","36","4","27","183","52",24.7,7,".266"
"Ray, Robbie","592662","2018","26","97","62","16","0","19","165","70",31.4,13.3,".216"
"Syndergaard, Noah","592789","2018","25","148","111","25","3","9","155","39",24.1,6.1,".250"
"Taillon, Jameson","592791","2018","26","179","123","31","5","20","179","46",22.8,5.9,".246"
"Velasquez, Vince","592826","2018","26","138","82","35","5","16","161","59",25.6,9.4,".250"
"Williams, Trevor","592866","2018","26","146","95","33","3","15","126","55",18,7.8,".231"
"Martinez, Carlos","593372","2018","26","100","74","19","2","5","117","60",22.5,11.5,".228"
"Rodriguez, Eduardo","593958","2018","25","119","84","16","3","16","146","45",26.4,8.1,".238"
"deGrom, Jacob","594798","2018","30","152","112","27","3","10","269","46",32.2,5.5,".196"
"Gonzales, Marco","594835","2018","26","172","114","39","2","17","145","32",21.1,4.7,".267"
"Junis, Jakob","596001","2018","25","182","119","27","4","32","164","43",21.6,5.7,".265"
"Weaver, Luke","596133","2018","24","150","103","24","4","19","121","54",19.9,8.9,".277"
"Pivetta, Nick","601713","2018","25","163","112","25","2","24","188","51",27.1,7.3,".261"
"Bundy, Dylan","605164","2018","25","188","104","39","4","41","184","54",24.5,7.2,".274"
"Clevinger, Mike","605182","2018","27","164","104","36","3","21","207","67",25.6,8.3,".223"
"Fulmer, Michael","605242","2018","25","128","76","31","2","19","110","46",19.7,8.2,".254"
"Nola, Aaron","605400","2018","25","149","99","31","2","17","224","58",27,7,".197"
"Snell, Blake","605483","2018","25","112","68","27","1","16","221","64",31.6,9.1,".178"
"Suárez, Andrew","605498","2018","25","163","108","25","7","23","130","45",19.5,6.8,".269"
"Rodón, Carlos","607074","2018","25","97","60","20","2","15","90","55",17.6,10.8,".220"
"Romano, Sal","607219","2018","24","155","97","31","4","23","105","53",16.3,8.2,".267"
"Freeland, Kyle","607536","2018","25","182","133","26","6","17","173","70",20.5,8.3,".240"
"Giolito, Lucas","608337","2018","23","166","95","40","4","27","125","90",16.1,11.6,".250"
"Márquez, Germán","608566","2018","23","179","118","30","7","24","230","57",28.2,7,".241"
"Stratton, Chris","608717","2018","27","153","97","29","8","19","112","54",17.9,8.6,".273"
"Chen, Wei-Yin","612672","2018","32","131","80","31","1","19","111","47",19.4,8.2,".256"
"Eflin, Zach","621107","2018","24","130","78","34","2","16","123","37",22.4,6.8,".261"
"Buehler, Walker","621111","2018","23","95","66","17","0","12","151","37",27.9,6.8,".193"
"McCullers Jr., Lance","621121","2018","24","100","60","27","1","12","142","50",26.9,9.5,".215"
"Berríos, José","621244","2018","24","159","102","31","1","25","202","61",25.3,7.7,".222"
"Blach, Ty","621389","2018","27","133","100","23","2","8","75","41",14.6,8,".289"
"Wood, Alex","622072","2018","27","143","104","25","0","14","135","40",21.2,6.3,".247"
"Castillo, Luis","622491","2018","25","158","94","36","0","28","165","49",23.3,6.9,".245"
"Severino, Luis","622663","2018","24","173","112","39","3","19","220","46",28.2,5.9,".238"
"López, Reynaldo","625643","2018","24","165","102","34","4","25","151","75",18.9,9.4,".234"
"Maeda, Kenta","628317","2018","30","115","68","31","3","13","153","43",28.8,8.1,".240"
"Manaea, Sean","640455","2018","26","141","93","24","3","21","108","32",16.5,4.9,".232"
"Keller, Brad","641745","2018","22","133","105","19","2","7","96","50",16.5,8.6,".252"
"Lauer, Eric","641778","2018","23","127","89","21","2","15","100","46",19.8,9.1,".285"
"Mahle, Tyler","641816","2018","23","125","81","20","2","22","110","53",21.7,10.5,".283"
"Yarbrough, Ryan","642232","2018","26","140","81","41","0","18","128","50",20.4,8,".246"
"Barria, Jaime","642545","2018","21","117","75","24","1","17","98","47",18.2,8.8,".242"
"Godley, Zack","643327","2018","28","177","125","32","4","16","185","81",23.4,10.2,".260"
"Flaherty, Jack","656427","2018","22","108","70","17","1","20","182","59",29.6,9.6,".199"
"Newcomb, Sean","656794","2018","25","137","94","21","4","18","160","81",23,11.6,".226"
"Lucchesi, Joey","664192","2018","25","125","77","22","3","23","145","43",26.5,7.8,".254"
"Richards, Trevor","670950","2018","25","121","75","26","5","15","130","54",23.8,9.9,".253"
"Wainwright, Adam","425794","2019","37","181","118","38","3","22","153","64",20.5,8.6,".273"
"Greinke, Zack","425844","2019","35","175","115","37","2","21","187","30",23.1,3.7,".228"
"Hamels, Cole","430935","2019","35","141","96","28","0","17","143","56",23.2,9.1,".260"
"Verlander, Justin","434378","2019","36","137","66","28","7","36","300","42",35.4,5,".172"
"Sánchez, Aníbal","434671","2019","35","153","90","38","3","22","134","58",18.8,8.1,".236"
"Morton, Charlie","450203","2019","35","154","100","33","6","15","240","57",30.4,7.2,".215"
"Vargas, Jason","450306","2019","36","141","85","34","1","21","124","63",19.1,9.7,".249"
"Lester, Jon","452657","2019","35","205","139","35","5","26","165","52",21.6,6.8,".294"
"LeBlanc, Wade","453281","2019","34","145","82","33","2","28","92","31",17.3,5.8,".291"
"Scherzer, Max","453286","2019","34","144","83","43","0","18","243","33",35.1,4.8,".222"
"Arrieta, Jake","453562","2019","33","149","105","22","1","21","110","51",18.5,8.6,".283"
"Bailey, Homer","456701","2019","33","162","114","24","3","21","149","53",21.4,7.6,".256"
"Happ, J.A.","457918","2019","36","160","98","27","1","34","140","49",20.6,7.2,".258"
"Lynn, Lance","458681","2019","32","195","126","42","6","21","246","59",28.1,6.7,".243"
"Nova, Iván","467100","2019","32","225","151","44","0","30","114","47",14.1,5.8,".303"
"Anderson, Brett","474463","2019","31","181","126","33","2","20","90","49",12.1,6.6,".265"
"Kershaw, Clayton","477132","2019","31","145","91","23","3","28","189","41",26.8,5.8,".222"
"Cashner, Andrew","488768","2019","32","144","93","27","5","19","108","58",17,9.1,".253"
"Miley, Wade","489119","2019","32","164","114","25","2","23","140","61",19.4,8.5,".254"
"Quintana, Jose","500779","2019","30","191","126","43","2","20","152","46",20.4,6.2,".282"
"Pineda, Michael","501381","2019","30","141","90","26","2","23","140","28",23.3,4.7,".253"
"Minor, Mike","501985","2019","31","190","132","28","0","30","200","68",23.2,7.9,".244"
"Archer, Chris","502042","2019","30","114","69","18","2","25","143","55",27.2,10.5,".249"
"Gibson, Kyle","502043","2019","31","175","118","30","4","23","160","56",22.7,7.9,".275"
"Samardzija, Jeff","502188","2019","34","152","91","24","9","28","140","49",18.9,6.6,".225"
"Leake, Mike","502190","2019","31","227","138","45","3","41","127","27",15.2,3.2,".286"
"Anderson, Chase","502624","2019","31","126","68","29","6","23","124","50",20.9,8.4,".240"
"Darvish, Yu","506433","2019","32","140","80","23","4","33","229","56",31.3,7.7,".213"
"Bumgarner, Madison","518516","2019","29","191","115","41","5","30","203","43",24.1,5.1,".245"
"Duffy, Danny","518633","2019","30","125","75","28","1","21","115","46",20.7,8.3,".251"
"Kelly, Merrill","518876","2019","30","184","113","38","4","29","158","57",20.3,7.3,".260"
"Porcello, Rick","519144","2019","30","198","119","43","5","31","143","45",18.6,5.9,".278"
"Sale, Chris","519242","2019","30","123","67","30","2","24","218","37",35.6,6,".221"
"Zimmermann, Jordan","519455","2019","33","145","90","29","7","19","82","25",16.3,5,".311"
"Pérez, Martín","527048","2019","28","184","125","36","0","23","135","67",18.3,9.1,".279"
"Teheran, Julio","527054","2019","28","148","91","33","2","22","162","83",21.5,11,".229"
"Cole, Gerrit","543037","2019","28","142","82","30","1","29","326","48",39.9,5.9,".186"
"DeSclafani, Anthony","543101","2019","29","151","93","28","1","29","167","49",24,7,".238"
"Gray, Sonny","543243","2019","29","122","80","21","4","17","205","68",29,9.6,".196"
"Hendricks, Kyle","543294","2019","29","168","108","39","2","19","150","32",20.5,4.4,".249"
"Lyles, Jordan","543475","2019","28","131","73","28","5","25","146","55",24.4,9.2,".243"
"Odorizzi, Jake","543606","2019","29","139","92","29","2","16","178","53",27.1,8.1,".234"
"Roark, Tanner","543699","2019","32","180","113","36","3","28","158","51",21.9,7.1,".275"
"Strasburg, Stephen","544931","2019","30","161","107","25","5","24","251","56",29.8,6.7,".210"
"Bauer, Trevor","545333","2019","28","184","100","43","7","34","253","82",27.8,9,".230"
"Tanaka, Masahiro","547888","2019","30","186","111","43","4","28","149","40",19.6,5.3,".261"
"Ryu, Hyun Jin","547943","2019","32","160","108","35","0","17","163","24",22.5,3.3,".234"
"Wheeler, Zack","554430","2019","29","196","140","33","1","22","195","50",23.6,6,".258"
"Boyd, Matthew","571510","2019","28","178","101","36","2","39","238","50",30.2,6.3,".247"
"Corbin, Patrick","571578","2019","29","169","107","37","1","24","238","70",28.5,8.4,".227"
"Fiers, Mike","571666","2019","34","166","115","19","2","30","126","53",16.7,7,".243"
"Matz, Steven","571927","2019","28","163","100","32","4","27","153","52",22.1,7.5,".260"
"Mikolas, Miles","571945","2019","30","193","127","33","6","27","144","32",18.8,4.2,".272"
"Paxton, James","572020","2019","30","138","83","30","2","23","186","55",29.4,8.7,".242"
"Stroman, Marcus","573186","2019","28","183","131","32","2","18","159","58",20.5,7.5,".257"
"Kikuchi, Yusei","579328","2019","28","195","112","41","6","36","116","50",16.1,6.9,".295"
"Gray, Jon","592351","2019","27","147","89","34","5","19","150","56",23.5,8.8,".259"
"Ray, Robbie","592662","2019","27","150","82","33","5","30","235","84",31.5,11.2,".234"
"Sampson, Adrian","592716","2019","27","156","83","38","6","29","101","36",17.9,6.4,".302"
"Sanchez, Aaron","592717","2019","26","145","94","29","2","20","115","68",19,11.2,".278"
"Smith, Caleb","592761","2019","27","128","64","29","2","33","168","60",26,9.3,".223"
"Smyly, Drew","592767","2019","30","126","67","23","4","32","120","55",23.3,10.7,".278"
"Syndergaard, Noah","592789","2019","26","194","129","37","4","24","202","49",24.5,5.9,".256"
"Velasquez, Vince","592826","2019","27","120","68","22","4","26","130","43",25.2,8.3,".262"
"Williams, Trevor","592866","2019","27","162","90","40","5","27","113","44",17.8,6.9,".284"
"Germán, Domingo","593334","2019","26","125","68","27","0","30","153","39",25.8,6.6,".228"
"Rodriguez, Eduardo","593958","2019","26","195","139","30","2","24","213","75",24.8,8.7,".253"
"deGrom, Jacob","594798","2019","31","154","106","28","1","19","255","44",31.7,5.5,".207"
"Gonzales, Marco","594835","2019","27","210","134","50","3","23","147","56",17,6.5,".264"
"Beede, Tyler","595881","2019","26","127","84","19","2","22","113","46",21.6,8.8,".271"
"Junis, Jakob","596001","2019","26","192","122","37","2","31","164","58",21.3,7.5,".276"
"Norris, Daniel","596057","2019","26","154","97","28","4","25","125","38",20.5,6.2,".275"
"Bassitt, Chris","605135","2019","30","125","80","21","3","21","141","47",23,7.7,".229"
"Bundy, Dylan","605164","2019","26","161","91","40","1","29","162","58",23.1,8.3,".256"
"Davies, Zach","605200","2019","26","155","103","27","5","20","102","51",15.2,7.6,".256"
"López, Jorge","605347","2019","26","140","85","26","2","27","109","42",19.9,7.7,".286"
"Musgrove, Joe","605397","2019","26","168","94","48","5","21","157","39",21.9,5.4,".254"
"Nola, Aaron","605400","2019","26","176","112","34","3","27","229","80",26.9,9.4,".233"
"Turnbull, Spencer","605513","2019","26","154","102","34","4","14","146","59",22.3,9,".267"
"Means, John","607644","2019","26","138","79","33","3","23","121","38",19,6,".234"
"Fried, Max","608331","2019","25","174","120","33","0","21","173","47",24.6,6.7,".270"
"Giolito, Lucas","608337","2019","24","131","75","28","4","24","228","57",32.3,8.1,".205"
"Wacha, Michael","608379","2019","27","143","91","25","1","26","104","54",18.5,9.6,".290"
"Márquez, Germán","608566","2019","24","174","114","27","4","29","175","35",24.3,4.9,".259"
"Eflin, Zach","621107","2019","25","172","110","34","0","28","129","48",18.3,6.8,".268"
"Buehler, Walker","621111","2019","24","153","99","29","5","20","215","37",29.2,5,".223"
"Berríos, José","621244","2019","25","194","130","35","3","26","195","51",23.2,6.1,".251"
"Castillo, Luis","622491","2019","26","139","87","29","1","22","226","78",29,10,".202"
"Senzatela, Antonio","622608","2019","24","161","102","38","2","19","76","57",13.1,9.8,".313"
"López, Reynaldo","625643","2019","25","203","121","44","3","35","169","65",20.9,8,".278"
"Maeda, Kenta","628317","2019","31","114","67","21","4","22","169","51",27.1,8.2,".202"
"Chirinos, Yonny","630023","2019","25","112","67","19","3","23","114","28",21.5,5.3,".225"
"Hudson, Dakota","641712","2019","24","160","101","37","0","22","136","86",18,11.4,".245"
"Keller, Brad","641745","2019","23","154","110","19","10","15","122","70",17.2,9.9,".247"
"Lauer, Eric","641778","2019","24","158","103","35","0","20","138","51",21.2,7.8,".268"
"Mahle, Tyler","641816","2019","24","136","89","21","1","25","129","34",23.2,6.1,".266"
"Sparkman, Glenn","642098","2019","27","164","98","34","2","30","81","41",13.4,6.8,".296"
"Yarbrough, Ryan","642232","2019","27","121","72","31","3","15","117","20",20.8,3.6,".228"
"Jurado, Ariel","642558","2019","23","148","87","35","5","21","81","36",15,6.7,".304"
"Brault, Steven","643230","2019","27","117","72","29","1","15","100","53",19.8,10.5,".265"
"Alcantara, Sandy","645261","2019","23","179","111","43","2","23","151","81",18,9.7,".241"
"Soroka, Michael","647336","2019","21","153","116","21","2","14","142","41",20.3,5.8,".236"
"Flaherty, Jack","656427","2019","23","135","85","24","1","25","231","55",29.9,7.1,".192"
"Thornton, Trent","663423","2019","25","156","99","29","4","24","149","60",22,8.9,".259"
"Paddack, Chris","663978","2019","23","107","62","21","1","23","153","31",26.9,5.5,".204"
"Lucchesi, Joey","664192","2019","26","144","86","32","3","23","158","56",23,8.2,".233"
"Bieber, Shane","669456","2019","24","186","117","37","1","31","259","40",30.2,4.7,".230"
"Richards, Trevor","670950","2019","26","127","80","25","3","19","127","56",21.9,9.7,".249"
"Wainwright, Adam","425794","2020","38","54","36","9","0","9","54","15",20.6,5.7,".221"
"Greinke, Zack","425844","2020","36","67","42","17","2","6","67","9",24.5,3.3,".256"
"Sánchez, Aníbal","434671","2020","36","70","44","13","2","11","43","18",17.6,7.3,".313"
"Lester, Jon","452657","2020","36","64","39","13","1","11","42","17",15.8,6.4,".262"
"Scherzer, Max","453286","2020","35","70","47","12","1","10","92","23",31.2,7.8,".260"
"Arrieta, Jake","453562","2020","34","51","36","9","0","6","32","16",16.8,8.4,".298"
"Cueto, Johnny","456501","2020","34","61","38","12","2","9","56","26",20.2,9.4,".248"
"Happ, J.A.","457918","2020","37","37","22","7","0","8","42","15",21.4,7.7,".208"
"Lindblom, Josh","458676","2020","33","42","27","7","2","6","52","16",27.2,8.4,".244"
"Lynn, Lance","458681","2020","33","64","35","15","1","13","89","25",25.9,7.3,".206"
"Carrasco, Carlos","471911","2020","33","55","36","11","0","8","82","27",29.3,9.6,".221"
"Anderson, Brett","474463","2020","32","50","30","12","2","6","32","10",15.8,5,".270"
"Kershaw, Clayton","477132","2020","32","41","22","10","1","8","62","8",28.1,3.6,".194"
"Minor, Mike","501985","2020","32","50","32","7","0","11","62","20",25.9,8.4,".230"
"Gibson, Kyle","502043","2020","32","73","50","9","2","12","58","30",19.3,10,".275"
"Cobb, Alex","502171","2020","32","52","35","8","1","8","38","18",16.8,8,".252"
"Darvish, Yu","506433","2020","33","59","40","12","2","5","93","14",31.3,4.7,".211"
"Bumgarner, Madison","518516","2020","30","47","22","12","0","13","30","13",15.8,6.8,".276"
"Duffy, Danny","518633","2020","31","53","33","10","0","10","57","22",23.6,9.1,".249"
"Porcello, Rick","519144","2020","31","74","53","15","1","5","54","15",20.7,5.7,".303"
"Pérez, Martín","527048","2020","29","55","31","16","0","8","46","28",17.6,10.7,".240"
"Anderson, Tyler","542881","2020","30","58","35","16","2","5","41","25",15.8,9.6,".256"
"Cole, Gerrit","543037","2020","29","53","25","14","0","14","94","17",32.6,5.9,".197"
"Eovaldi, Nathan","543135","2020","30","51","31","10","2","8","52","7",26.1,3.5,".273"
"Gray, Sonny","543243","2020","30","42","29","8","1","4","72","26",30.6,11.1,".203"
"Hendricks, Kyle","543294","2020","30","73","53","10","0","10","64","8",20.3,2.5,".240"
"Lyles, Jordan","543475","2020","29","67","43","11","1","12","36","23",13.5,8.6,".285"
"Roark, Tanner","543699","2020","33","60","31","13","2","14","41","23",18.6,10.5,".309"
"Bauer, Trevor","545333","2020","29","41","25","4","3","9","100","17",36,6.1,".159"
"Tanaka, Masahiro","547888","2020","31","48","30","8","1","9","44","8",22.3,4.1,".257"
"Ryu, Hyun Jin","547943","2020","33","60","42","12","0","6","72","17",26.2,6.2,".234"
"Stripling, Ross","548389","2020","30","56","32","10","1","13","40","18",18.2,8.2,".281"
"Wheeler, Zack","554430","2020","30","67","48","16","0","3","53","16",18.4,5.6,".254"
"Boyd, Matthew","571510","2020","29","67","33","17","2","15","60","22",22.1,8.1,".278"
"Corbin, Patrick","571578","2020","30","85","57","16","2","10","60","18",20.3,6.1,".308"
"Fiers, Mike","571666","2020","35","65","46","9","1","9","37","16",14.4,6.2,".275"
"Heaney, Andrew","571760","2020","29","63","39","14","1","9","70","19",25.1,6.8,".246"
"Richards, Garrett","572070","2020","32","47","29","10","1","7","46","17",21.6,8,".244"
"Keuchel, Dallas","572971","2020","32","52","41","8","1","2","42","17",16.3,6.6,".218"
"Kikuchi, Yusei","579328","2020","29","41","26","11","1","3","47","20",24.2,10.3,".238"
"Gausman, Kevin","592332","2020","29","50","30","10","2","8","79","16",32.2,6.5,".221"
"Ray, Robbie","592662","2020","28","53","26","14","0","13","68","45",27.1,17.9,".261"
"Walker, Taijuan","592836","2020","27","43","28","7","0","8","50","19",22.2,8.4,".214"
"Williams, Trevor","592866","2020","28","66","41","10","0","15","49","21",19.4,8.3,".296"
"Montas, Frankie","593423","2020","27","57","37","9","1","10","60","23",25.3,9.7,".270"
"deGrom, Jacob","594798","2020","32","47","28","12","0","7","104","18",38.8,6.7,".190"
"Gonzales, Marco","594835","2020","28","59","38","13","0","8","64","7",23.1,2.5,".222"
"Weaver, Luke","596133","2020","26","63","35","16","2","10","55","18",23.3,7.6,".292"
"Bassitt, Chris","605135","2020","31","56","35","15","0","6","55","17",21.1,6.5,".233"
"Bundy, Dylan","605164","2020","27","51","30","14","2","5","72","17",27,6.4,".208"
"Davies, Zach","605200","2020","27","55","37","8","1","9","63","19",22.8,6.9,".216"
"Houser, Adrian","605288","2020","27","63","42","12","1","8","44","21",17.9,8.5,".285"
"Nola, Aaron","605400","2020","27","54","33","12","0","9","96","23",33.2,8,".205"
"Snell, Blake","605483","2020","27","42","25","7","0","10","63","18",31,8.9,".228"
"Turnbull, Spencer","605513","2020","27","47","30","13","2","2","51","29",21.1,12,".226"
"Woodruff, Brandon","605540","2020","27","55","37","8","1","9","91","18",31.1,6.1,".204"
"Glasnow, Tyler","607192","2020","26","43","24","6","2","11","91","22",38.2,9.2,".200"
"Fedde, Erick","607200","2020","27","47","28","9","0","10","28","22",12.6,9.9,".241"
"Freeland, Kyle","607536","2020","27","77","52","16","0","9","46","23",15.1,7.6,".278"
"Fried, Max","608331","2020","26","42","23","16","1","2","50","19",22.3,8.5,".211"
"Giolito, Lucas","608337","2020","25","47","31","8","0","8","97","28",33.7,9.7,".184"
"Márquez, Germán","608566","2020","25","78","53","16","3","6","73","25",21.2,7.3,".247"
"Voth, Austin","608723","2020","28","57","27","15","1","14","44","18",19.6,8,".281"
"Eflin, Zach","621107","2020","26","60","34","18","0","8","70","15",28.6,6.1,".263"
"McCullers Jr., Lance","621121","2020","26","44","19","18","2","5","56","20",24.7,8.8,".220"
"Mills, Alec","621219","2020","28","53","29","11","0","13","46","19",18.3,7.5,".230"
"Berríos, José","621244","2020","26","57","39","9","1","8","68","26",25.1,9.6,".237"
"Young, Alex","622065","2020","26","51","25","13","2","11","39","14",19.1,6.9,".277"
"Castillo, Luis","622491","2020","27","62","38","18","1","5","89","24",30.5,8.2,".233"
"Senzatela, Antonio","622608","2020","25","71","49","10","3","9","41","18",13.5,5.9,".254"
"Castellani, Ryan","624418","2020","24","37","18","5","2","12","25","26",13.2,13.8,".236"
"Maeda, Kenta","628317","2020","32","40","26","4","1","9","80","10",32.3,4,".168"
"Urías, Julio","628711","2020","23","45","33","7","0","5","45","18",20.1,8,".220"
"Manaea, Sean","640455","2020","28","57","39","10","1","7","45","8",20.3,3.6,".270"
"López, Pablo","641154","2020","24","50","33","13","0","4","59","18",24.6,7.5,".230"
"Keller, Brad","641745","2020","24","39","35","2","0","2","35","17",16.3,7.9,".202"
"Kuhl, Chad","641771","2020","27","35","21","6","0","8","44","28",22.3,14.2,".212"
"Mahle, Tyler","641816","2020","25","34","19","6","3","6","60","21",29.9,10.4,".198"
"Yarbrough, Ryan","642232","2020","28","54","39","10","0","5","44","12",18.8,5.1,".256"
"Dunn, Justin","643290","2020","24","31","16","4","1","10","38","31",19.2,15.7,".189"
"Civale, Aaron","650644","2020","25","82","51","17","3","11","69","16",22.1,5.1,".282"
"Canning, Griffin","656288","2020","24","54","33","11","2","8","56","23",23.5,9.7,".257"
"Cease, Dylan","656302","2020","24","50","23","14","1","12","44","34",17.3,13.3,".234"
"Montgomery, Jordan","656756","2020","27","48","31","9","1","7","47","9",24.4,4.7,".265"
"Peterson, David","656849","2020","24","36","22","9","0","5","40","24",19.5,11.7,".202"
"Sheffield, Justus","656954","2020","24","52","45","5","0","2","48","20",20.7,8.6,".251"
"Webb, Logan","657277","2020","23","61","40","16","1","4","46","24",18.7,9.8,".288"
"Lamet, Dinelson","659275","2020","27","39","25","9","0","5","93","20",34.8,7.5,".161"
"Bubic, Kris","663460","2020","22","52","35","8","1","8","49","22",22.1,9.9,".263"
"Singer, Brady","663903","2020","23","52","37","6","1","8","61","23",23.2,8.7,".220"
"Paddack, Chris","663978","2020","24","60","32","12","2","14","58","12",23.7,4.9,".262"
"Brubaker, JT","664141","2020","26","48","30","12","0","6","48","17",23.4,8.3,".262"
"Valdez, Framber","664285","2020","26","63","49","6","3","5","76","16",26.4,5.6,".240"
"Javier, Cristian","664299","2020","23","36","19","6","0","11","54","18",25.2,8.4,".188"
"Luzardo, Jesús","666200","2020","22","58","37","12","0","9","59","17",23.8,6.9,".257"
"Plesac, Zach","668676","2020","25","38","24","5","1","8","57","6",27.7,2.9,".191"
"Gallen, Zac","668678","2020","24","55","40","6","0","9","82","25",28.2,8.6,".210"
"May, Dustin","669160","2020","22","45","32","4","0","9","44","16",19.6,7.1,".220"
"Burnes, Corbin","669203","2020","25","37","27","6","2","2","88","24",36.7,10,".174"
"Bieber, Shane","669456","2020","25","46","33","6","0","7","122","21",41.1,7.1,".167"
"Dobnak, Randy","677976","2020","25","50","40","7","0","3","27","13",13.5,6.5,".278"
"Wainwright, Adam","425794","2021","39","168","111","34","2","21","174","50",21,6,".220"
"Greinke, Zack","425844","2021","37","164","105","29","0","30","120","36",17.2,5.2,".252"
"Hill, Rich","448179","2021","41","137","83","32","1","21","150","55",22.7,8.3,".235"
"Morton, Charlie","450203","2021","37","136","100","17","3","16","216","58",28.6,7.7,".203"
"Lester, Jon","452657","2021","37","159","101","33","0","25","91","55",14.5,8.8,".285"
"Scherzer, Max","453286","2021","36","119","73","21","2","23","236","36",34.1,5.2,".185"
"Happ, J.A.","457918","2021","38","177","106","35","6","30","122","48",18.2,7.2,".288"
"Lynn, Lance","458681","2021","34","123","84","20","1","18","176","45",27.5,7,".209"
"Miley, Wade","489119","2021","34","166","112","35","2","17","125","50",18.1,7.2,".265"
"Minor, Mike","501985","2021","33","156","91","35","4","26","149","41",22.3,6.1,".252"
"Gibson, Kyle","502043","2021","33","158","107","32","2","17","155","64",20.6,8.5,".234"
"Darvish, Yu","506433","2021","34","138","70","35","5","28","199","44",29.2,6.5,".222"
"Bumgarner, Madison","518516","2021","31","134","75","33","2","24","124","39",20.2,6.4,".242"
"Harvey, Matt","518774","2021","32","160","104","33","4","19","95","37",16.3,6.4,".299"
"Kelly, Merrill","518876","2021","32","163","107","31","4","21","130","41",19.5,6.1,".266"
"Pérez, Martín","527048","2021","30","136","91","24","2","19","97","36",19.1,7.1,".296"
"Anderson, Tyler","542881","2021","31","170","107","30","6","27","134","38",19.1,5.4,".262"
"Cole, Gerrit","543037","2021","30","151","99","27","1","24","243","41",33.5,5.6,".223"
"DeSclafani, Anthony","543101","2021","31","141","98","22","2","19","152","42",22.5,6.2,".225"
"Eovaldi, Nathan","543135","2021","31","182","109","54","4","15","195","35",25.5,4.6,".253"
"Gray, Sonny","543243","2021","31","115","76","15","5","19","155","50",27,8.7,".225"
"Hendricks, Kyle","543294","2021","31","200","121","43","5","31","131","44",16.7,5.6,".278"
"Lyles, Jordan","543475","2021","30","194","119","34","3","38","146","56",19,7.3,".278"
"Ryu, Hyun Jin","547943","2021","34","170","105","38","3","24","143","37",20.4,5.3,".258"
"Wheeler, Zack","554430","2021","31","169","121","29","3","16","247","46",29.1,5.4,".215"
"Corbin, Patrick","571578","2021","31","192","119","32","4","37","143","60",19,8,".286"
"Heaney, Andrew","571760","2021","30","130","72","28","1","29","150","41",26.9,7.3,".256"
"Matz, Steven","571927","2021","30","158","113","24","3","18","144","43",22.3,6.6,".265"
"Richards, Garrett","572070","2021","33","158","101","35","3","19","115","60",18.6,9.7,".289"
"Keuchel, Dallas","572971","2021","33","189","125","34","5","25","95","59",13.2,8.2,".290"
"Stroman, Marcus","573186","2021","30","161","118","23","3","17","158","43",21.7,5.9,".242"
"Kikuchi, Yusei","579328","2021","30","145","88","28","2","27","163","62",24.5,9.3,".243"
"Foltynewicz, Mike","592314","2021","29","139","68","34","2","35","97","36",16.6,6.1,".260"
"Gausman, Kevin","592332","2021","30","150","97","29","4","20","227","50",29.3,6.5,".210"
"Gray, Jon","592351","2021","29","140","87","27","5","21","157","58",24.4,9,".245"
"Ray, Robbie","592662","2021","29","150","83","31","3","33","248","52",32.1,6.7,".210"
"Smyly, Drew","592767","2021","32","133","83","23","0","27","117","41",21.4,7.5,".269"
"Taillon, Jameson","592791","2021","29","130","78","27","1","24","140","44",23.2,7.3,".238"
"Walker, Taijuan","592836","2021","28","133","82","25","0","26","146","55",22.3,8.4,".225"
"Montas, Frankie","593423","2021","28","164","108","33","3","20","207","57",26.6,7.3,".232"
"Rodriguez, Eduardo","593958","2021","28","172","111","41","1","19","185","47",27.4,7,".277"
"Gonzales, Marco","594835","2021","29","125","61","33","2","29","108","42",18.5,7.2,".234"
"Pivetta, Nick","601713","2021","28","137","80","31","2","24","175","65",26.5,9.8,".234"
"Bassitt, Chris","605135","2021","32","127","82","29","1","15","159","39",25,6.1,".218"
"Davies, Zach","605200","2021","28","162","95","41","1","25","114","75",17.1,11.2,".281"
"Houser, Adrian","605288","2021","28","118","86","18","2","12","105","64",17.5,10.7,".228"
"López, Jorge","605347","2021","28","142","92","28","1","21","112","56",20.2,10.1,".293"
"Musgrove, Joe","605397","2021","28","142","89","27","4","22","203","54",27.1,7.2,".213"
"Nola, Aaron","605400","2021","28","165","105","29","5","26","223","39",29.8,5.2,".237"
"Snell, Blake","605483","2021","28","101","58","26","1","16","170","69",30.9,12.5,".214"
"Woodruff, Brandon","605540","2021","28","130","93","16","3","18","211","43",29.8,6.1,".200"
"Rodón, Carlos","607074","2021","28","91","62","15","1","13","185","36",34.6,6.7,".189"
"Fedde, Erick","607200","2021","28","144","91","29","1","23","128","48",21.7,8.1,".275"
"Freeland, Kyle","607536","2021","28","133","85","28","0","20","105","38",20.4,7.4,".284"
"Means, John","607644","2021","28","125","73","21","1","30","134","26",22.7,4.4,".224"
"Fried, Max","608331","2021","27","139","94","28","2","15","158","41",23.7,6.1,".227"
"Giolito, Lucas","608337","2021","26","145","87","27","4","27","201","51",28,7.1,".219"
"Irvin, Cole","608344","2021","27","195","136","35","1","23","125","42",16.3,5.5,".275"
"Wacha, Michael","608379","2021","29","132","83","25","1","23","121","31",22.9,5.9,".270"
"Márquez, Germán","608566","2021","26","165","108","35","1","21","176","64",23.3,8.5,".242"
"Quantrill, Cal","615698","2021","26","129","87","23","3","16","121","47",19.6,7.6,".234"
"Kaprielian, James","621076","2021","27","105","58","24","4","19","123","41",24.5,8.2,".233"
"Buehler, Walker","621111","2021","26","149","92","36","2","19","212","52",26,6.4,".199"
"McCullers Jr., Lance","621121","2021","27","122","80","26","3","13","185","76",27,11.1,".205"
"Mills, Alec","621219","2021","29","137","94","27","0","16","87","34",16.8,6.6,".291"
"Berríos, José","621244","2021","27","159","94","40","3","22","204","45",26.1,5.8,".223"
"Wood, Alex","622072","2021","30","125","84","24","3","14","152","39",26,6.7,".236"
"Castillo, Luis","622491","2021","28","181","121","34","7","19","192","75",23.9,9.3,".255"
"Senzatela, Antonio","622608","2021","26","178","123","39","4","12","105","32",15.7,4.8,".287"
"Flexen, Chris","623167","2021","26","185","127","34","5","19","125","40",16.9,5.4,".268"
"Urías, Julio","628711","2021","24","151","99","33","0","19","195","38",26.2,5.1,".219"
"Crowe, Wil","640444","2021","26","126","77","20","4","25","111","57",21.2,10.9,".276"
"Manaea, Sean","640455","2021","29","179","119","33","2","25","194","41",25.7,5.4,".255"
"Alzolay, Adbert","640470","2021","26","112","67","19","1","25","128","34",24.7,6.6,".236"
"Dunning, Dane","641540","2021","26","126","83","29","1","13","114","43",22.3,8.4,".275"
"Keller, Brad","641745","2021","25","158","111","27","2","18","120","64",19.6,10.4,".297"
"Mahle, Tyler","641816","2021","26","158","100","31","3","24","210","64",27.7,8.4,".234"
"Yarbrough, Ryan","642232","2021","29","163","99","37","2","25","117","27",17.9,4.1,".267"
"Peralta, Freddy","642547","2021","25","84","45","23","2","14","195","56",33.6,9.7,".165"
"Alcantara, Sandy","645261","2021","25","171","107","40","3","21","201","50",24,6,".223"
"Cease, Dylan","656302","2021","25","139","94","22","3","20","226","68",31.9,9.6,".223"
"Montgomery, Jordan","656756","2021","28","150","110","21","0","19","162","51",24.5,7.7,".250"
"Webb, Logan","657277","2021","24","128","95","22","2","9","158","36",26.5,6,".234"
"Ohtani, Shohei","660271","2021","26","98","60","23","0","15","156","44",29.3,8.3,".207"
"Bubic, Kris","663460","2021","23","121","73","23","3","22","114","59",20.5,10.6,".248"
"Allard, Kolby","663465","2021","23","128","81","16","2","29","104","31",19.5,5.8,".258"
"Mize, Casey","663554","2021","24","130","81","20","5","24","118","41",19.3,6.7,".234"
"McClanahan, Shane","663556","2021","24","120","83","23","0","14","141","37",27.3,7.2,".252"
"Singer, Brady","663903","2021","24","146","108","21","3","14","131","53",22.4,9,".281"
"Brubaker, JT","664141","2021","27","123","71","22","2","28","129","37",24,6.9,".254"
"Valdez, Framber","664285","2021","27","110","81","16","1","12","125","58",21.9,10.1,".220"
"Anderson, Ian","666120","2021","23","105","66","23","0","16","124","53",23.2,9.9,".221"
"Plesac, Zach","668676","2021","26","137","80","33","1","23","100","34",16.7,5.7,".248"
"Gallen, Zac","668678","2021","25","108","65","22","2","19","139","49",26.6,9.4,".233"
"Burnes, Corbin","669203","2021","26","123","96","17","3","7","234","34",35.6,5.2,".201"
"Gilbert, Logan","669302","2021","24","112","63","30","2","17","128","28",25.4,5.6,".241"
"Skubal, Tarik","669373","2021","24","141","78","28","0","35","164","47",25.9,7.4,".245"
"Rogers, Trevor","669432","2021","23","107","70","31","0","6","157","46",28.5,8.4,".218"
"Garcia, Luis","677651","2021","24","133","81","31","2","19","167","50",26.4,7.9,".232"
"Wainwright, Adam","425794","2022","40","192","138","35","3","16","143","54",17.8,6.7,".261"
"Greinke, Zack","425844","2022","38","157","113","30","0","14","73","27",12.5,4.6,".286"
"Verlander, Justin","434378","2022","39","116","88","15","1","12","185","29",27.8,4.4,".186"
"Kluber, Corey","446372","2022","36","178","123","32","3","20","139","21",20.2,3,".274"
"Hill, Rich","448179","2022","42","125","77","27","6","15","109","37",20.7,7,".258"
"Morton, Charlie","450203","2022","38","149","93","26","2","28","205","63",28.2,8.7,".233"
"Scherzer, Max","453286","2022","37","108","75","20","0","13","173","24",30.6,4.2,".207"
"Cueto, Johnny","456501","2022","36","161","107","37","2","15","102","33",15.7,5.1,".267"
"Lynn, Lance","458681","2022","35","119","80","20","0","19","124","19",24.2,3.7,".247"
"Carrasco, Carlos","471911","2022","35","161","105","38","1","17","152","41",23.6,6.4,".272"
"Quintana, Jose","500779","2022","33","154","110","35","1","8","137","47",20.2,6.9,".246"
"Gibson, Kyle","502043","2022","34","176","117","33","2","24","144","48",20.1,6.7,".268"
"Cobb, Alex","502171","2022","34","152","119","24","0","9","151","43",23.9,6.8,".262"
"Darvish, Yu","506433","2022","35","148","103","23","0","22","197","37",25.6,4.8,".207"
"Bumgarner, Madison","518516","2022","32","179","101","50","3","25","112","49",16,7,".281"
"Kelly, Merrill","518876","2022","33","167","104","40","2","21","177","61",22,7.6,".226"
"Pérez, Martín","527048","2022","31","178","130","37","0","11","169","69",20.6,8.4,".241"
"Anderson, Tyler","542881","2022","32","145","94","31","6","14","138","34",19.5,4.8,".221"
"Cole, Gerrit","543037","2022","31","154","88","31","2","33","257","50",32.4,6.3,".209"
"Lyles, Jordan","543475","2022","31","196","123","46","1","26","144","52",18.6,6.7,".276"
"Stripling, Ross","548389","2022","32","117","77","28","0","12","111","20",20.7,3.7,".229"
"Wheeler, Zack","554430","2022","32","125","83","23","6","13","163","34",26.9,5.6,".221"
"Corbin, Patrick","571578","2022","32","210","143","35","5","27","128","49",18,6.9,".321"
"Mikolas, Miles","571945","2022","33","170","112","31","2","25","153","39",19,4.8,".226"
"Stroman, Marcus","573186","2022","31","123","81","25","1","16","119","36",20.9,6.3,".234"
"Gausman, Kevin","592332","2022","31","188","134","35","4","15","205","28",28.3,3.9,".272"
"Gray, Jon","592351","2022","30","105","69","17","2","17","134","39",25.7,7.5,".222"
"Ray, Robbie","592662","2022","30","163","97","29","5","32","212","62",27.4,8,".231"
"Syndergaard, Noah","592789","2022","29","138","95","24","5","14","95","31",16.8,5.5,".263"
"Taillon, Jameson","592791","2022","30","168","97","42","3","26","151","32",20.7,4.4,".246"
"Walker, Taijuan","592836","2022","29","143","100","27","1","15","132","45",20.3,6.9,".240"
"Montas, Frankie","593423","2022","29","137","90","28","1","18","142","43",23.4,7.1,".249"
"Gonzales, Marco","594835","2022","30","194","120","44","0","30","103","50",13.2,6.4,".271"
"Gomber, Austin","596295","2022","28","137","85","27","5","20","95","34",18,6.4,".281"
"Pivetta, Nick","601713","2022","29","175","111","36","1","27","175","73",22.6,9.4,".253"
"Bassitt, Chris","605135","2022","33","159","113","26","1","19","167","49",22.4,6.6,".234"
"Bundy, Dylan","605164","2022","29","151","96","29","2","24","94","28",15.8,4.7,".271"
"Davies, Zach","605200","2022","29","122","79","20","2","21","102","52",17.9,9.1,".241"
"Musgrove, Joe","605397","2022","29","154","94","36","2","22","184","42",24.9,5.7,".227"
"Nola, Aaron","605400","2022","29","168","109","39","1","19","235","29",29.1,3.6,".219"
"Snell, Blake","605483","2022","29","103","67","23","2","11","171","51",32,9.5,".216"
"Springs, Jeffrey","605488","2022","29","114","78","19","3","14","144","31",26.2,5.6,".222"
"Thompson, Zach","605507","2022","28","138","95","23","1","19","90","46",16.6,8.5,".280"
"Woodruff, Brandon","605540","2022","29","122","74","28","2","18","190","42",30.6,6.8,".215"
"Rodón, Carlos","607074","2022","29","131","87","31","1","12","237","52",33.4,7.3,".202"
"Fedde, Erick","607200","2022","29","149","101","27","0","21","94","58",16.4,10.1,".293"
"Freeland, Kyle","607536","2022","29","193","119","47","8","19","131","53",17.1,6.9,".281"
"Fried, Max","608331","2022","28","156","117","25","2","12","170","32",23.2,4.4,".225"
"Giolito, Lucas","608337","2022","27","171","107","37","3","24","177","61",25.4,8.7,".272"
"Irvin, Cole","608344","2022","28","174","113","33","3","25","128","36",17.3,4.9,".251"
"Wacha, Michael","608379","2022","30","111","67","22","4","18","104","31",20.2,6,".233"
"Márquez, Germán","608566","2022","27","185","106","44","5","30","150","63",19.3,8.1,".263"
"Quantrill, Cal","615698","2022","27","178","126","30","1","21","128","47",16.6,6.1,".254"
"Kaprielian, James","621076","2022","28","121","71","27","7","16","98","59",17,10.2,".239"
"Berríos, José","621244","2022","28","199","135","34","1","29","149","45",19.8,6,".288"
"Wood, Alex","622072","2022","31","132","94","20","1","17","131","30",23.6,5.4,".262"
"Castillo, Luis","622491","2022","29","118","77","28","0","13","167","45",27.2,7.3,".212"
"Flexen, Chris","623167","2022","27","132","85","27","3","17","95","51",16.1,8.6,".250"
"Suárez, Ranger","624133","2022","26","149","93","39","2","15","129","58",19.5,8.8,".249"
"Urías, Julio","628711","2022","25","127","81","20","3","23","166","41",24.1,6,".199"
"Manaea, Sean","640455","2022","30","155","95","26","5","29","156","50",23.2,7.5,".254"
"López, Pablo","641154","2022","26","157","91","39","6","21","174","53",23.6,7.2,".234"
"Cortes Jr., Nestor","641482","2022","27","108","69","23","0","16","163","38",26.5,6.2,".189"
"Dunning, Dane","641540","2022","27","158","97","39","2","20","137","62",20.4,9.2,".268"
"Hudson, Dakota","641712","2022","27","141","107","24","1","9","78","61",13.1,10.2,".273"
"Keller, Brad","641745","2022","26","153","108","24","4","17","102","57",16.5,9.2,".277"
"Kuhl, Chad","641771","2022","29","155","93","31","6","25","110","58",17.8,9.4,".284"
"Lauer, Eric","641778","2022","27","135","84","21","3","27","157","59",23.8,8.9,".228"
"Mahle, Tyler","641816","2022","27","104","64","21","3","16","126","43",25,8.5,".230"
"Alcantara, Sandy","645261","2022","26","174","120","32","6","16","207","50",23.4,5.6,".212"
"Cease, Dylan","656302","2022","26","126","83","25","2","16","227","78",30.4,10.4,".190"
"Keller, Mitch","656605","2022","26","162","118","28","2","14","138","60",20.1,8.7,".266"
"Montgomery, Jordan","656756","2022","29","159","102","34","2","21","158","36",21.8,5,".235"
"Rasmussen, Drew","656876","2022","26","121","82","23","3","13","125","31",21.4,5.3,".222"
"Steele, Justin","657006","2022","26","111","85","17","1","8","126","50",24.6,9.8,".244"
"Wright, Kyle","657140","2022","26","156","115","21","1","19","174","53",23.6,7.2,".232"
"Otto Jr., Glenn","657248","2022","26","119","79","17","2","21","107","62",18.2,10.6,".236"
"Webb, Logan","657277","2022","25","174","122","38","3","11","163","49",20.7,6.2,".240"
"Ryan, Joe","657746","2022","26","115","65","28","2","20","151","47",25,7.8,".211"
"Ohtani, Shohei","660271","2022","27","124","85","23","2","14","219","44",33.2,6.7,".203"
"Bubic, Kris","663460","2022","24","156","107","30","1","18","110","63",18.7,10.7,".306"
"McKenzie, Triston","663474","2022","24","138","82","29","2","25","190","44",25.6,5.9,".201"
"McClanahan, Shane","663556","2022","25","116","81","16","0","19","194","37",30.3,5.8,".194"
"Lynch IV, Daniel","663738","2022","25","155","109","24","1","21","122","52",20.3,8.7,".290"
"Sandoval, Patrick","663776","2022","25","139","109","19","3","8","151","60",23.7,9.4,".246"
"Singer, Brady","663903","2022","25","140","102","19","1","18","150","35",24.2,5.6,".246"
"Brubaker, JT","664141","2022","28","157","99","39","2","17","147","54",22.8,8.4,".271"
"Valdez, Framber","664285","2022","28","166","129","24","2","11","194","67",23.5,8.1,".223"
"Javier, Cristian","664299","2022","25","89","53","18","1","17","194","52",33.2,8.9,".170"
"Urquidy, José","664353","2022","27","154","91","33","1","29","134","38",19.7,5.6,".244"
"Kremer, Dean","665152","2022","26","123","85","27","0","11","87","34",17,6.6,".262"
"Manoah, Alek","666201","2022","24","144","97","30","1","16","180","51",22.9,6.5,".202"
"Plesac, Zach","668676","2022","27","136","87","30","0","19","100","38",17.6,6.7,".260"
"Gallen, Zac","668678","2022","26","121","73","32","1","15","192","47",26.9,6.6,".186"
"Greene, Hunter","668881","2022","22","104","59","21","0","24","164","48",30.9,9,".222"
"Wilson, Bryse","669060","2022","24","132","82","29","1","20","79","32",15.5,6.3,".287"
"Burnes, Corbin","669203","2022","27","144","91","24","6","23","243","51",30.5,6.4,".197"
"Gilbert, Logan","669302","2022","25","170","107","41","3","19","174","49",22.7,6.4,".242"
"Bieber, Shane","669456","2022","27","172","123","29","2","18","198","36",25,4.6,".230"
"Kirby, George","669923","2022","24","135","97","23","2","13","133","22",24.5,4.1,".264"
"Detmers, Reid","672282","2022","22","110","68","27","2","13","122","46",22.6,8.5,".231"
"Strider, Spencer","675911","2022","23","86","61","17","1","7","202","45",38.3,8.5,".180"
"Garcia, Luis","677651","2022","25","131","77","27","4","23","157","47",24.4,7.3,".222"
"Gray, Josiah","680686","2022","24","136","74","20","4","38","154","66",23.7,10.2,".239"
"Bradish, Kyle","680694","2022","25","119","84","18","0","17","111","46",21.8,9,".265"
"Greinke, Zack","425844","2023","39","158","106","25","2","25","97","23",16.4,3.9,".282"
"Verlander, Justin","434378","2023","40","139","89","30","2","18","144","45",21.5,6.7,".226"
"Hill, Rich","448179","2023","43","165","94","44","4","23","129","58",19.5,8.8,".281"
"Morton, Charlie","450203","2023","39","150","103","30","3","14","183","83",25.6,11.6,".244"
"Scherzer, Max","453286","2023","38","126","76","22","0","28","174","45",28,7.2,".221"
"Lynn, Lance","458681","2023","36","189","116","26","3","44","191","67",23.6,8.3,".259"
"Kershaw, Clayton","477132","2023","35","100","62","19","0","19","137","40",26.2,7.6,".209"
"Gibson, Kyle","502043","2023","35","198","127","43","5","23","157","55",19.5,6.8,".270"
"Cobb, Alex","502171","2023","35","163","107","33","4","19","131","37",20.3,5.7,".272"
"Darvish, Yu","506433","2023","36","134","89","25","2","18","141","42",24.6,7.3,".259"
"Kelly, Merrill","518876","2023","34","143","90","30","3","20","187","68",25.9,9.4,".222"
"Pérez, Martín","527048","2023","32","150","103","24","2","21","93","49",15.3,8.1,".274"
"Anderson, Tyler","542881","2023","33","146","84","40","2","20","119","64",18.9,10.2,".266"
"Cole, Gerrit","543037","2023","32","157","110","26","1","20","222","48",27,5.8,".206"
"Eovaldi, Nathan","543135","2023","33","117","70","27","5","15","132","47",22.9,8.1,".225"
"Gray, Sonny","543243","2023","33","156","111","34","3","8","183","55",24.3,7.3,".226"
"Hendricks, Kyle","543294","2023","33","138","92","30","3","13","93","27",16.1,4.7,".255"
"Lyles, Jordan","543475","2023","32","176","87","48","2","39","120","45",16,6,".255"
"Lorenzen, Michael","547179","2023","31","138","91","26","1","20","111","47",17.8,7.5,".243"
"Wheeler, Zack","554430","2023","33","168","111","35","2","20","212","39",26.9,5,".229"
"Corbin, Patrick","571578","2023","33","210","142","34","1","33","124","57",15.7,7.2,".293"
"Heaney, Andrew","571760","2023","32","143","84","34","2","23","151","60",23.6,9.4,".251"
"Mikolas, Miles","571945","2023","34","226","145","50","5","26","137","39",15.9,4.5,".282"
"Stroman, Marcus","573186","2023","32","120","84","27","0","9","119","52",20.7,9,".231"
"Kikuchi, Yusei","579328","2023","32","165","110","27","1","27","181","48",25.9,6.9,".255"
"Gausman, Kevin","592332","2023","32","163","100","43","1","19","237","55",31.1,7.2,".233"
"Gray, Jon","592351","2023","31","149","110","16","1","22","142","54",21.6,8.2,".256"
"Smyly, Drew","592767","2023","34","147","83","36","2","26","141","56",22.5,8.9,".265"
"Taillon, Jameson","592791","2023","31","156","100","28","1","27","140","41",21.4,6.3,".258"
"Walker, Taijuan","592836","2023","30","155","96","35","4","20","138","71",18.8,9.7,".238"
"Williams, Trevor","592866","2023","31","178","110","32","2","34","111","52",16.9,7.9,".300"
"Rodriguez, Eduardo","593958","2023","30","128","86","25","2","15","143","48",23,7.7,".227"
"Weaver, Luke","596133","2023","29","155","83","40","3","29","109","40",19.4,7.1,".301"
"Gomber, Austin","596295","2023","29","164","100","35","3","26","87","43",14.4,7.1,".297"
"Pivetta, Nick","601713","2023","30","110","55","31","1","23","183","50",31.2,8.5,".208"
"Bassitt, Chris","605135","2023","34","176","108","38","2","28","186","59",22.5,7.1,".235"
"Clevinger, Mike","605182","2023","32","121","75","27","3","16","110","40",20,7.3,".244"
"Nola, Aaron","605400","2023","30","178","108","35","3","32","202","45",25.5,5.7,".240"
"Snell, Blake","605483","2023","30","115","78","22","0","15","234","99",31.5,13.3,".181"
"Rea, Colin","607067","2023","32","110","66","18","3","23","110","38",21.3,7.4,".235"
"Freeland, Kyle","607536","2023","30","187","122","30","6","29","94","42",13.9,6.2,".300"
"Lugo, Seth","607625","2023","33","140","89","29","3","19","140","36",23.2,6,".249"
"Giolito, Lucas","608337","2023","28","169","87","34","7","41","204","73",25.7,9.2,".240"
"Wacha, Michael","608379","2023","31","113","65","32","1","15","124","43",22.4,7.8,".224"
"Eflin, Zach","621107","2023","29","158","104","31","4","19","186","24",26.5,3.4,".235"
"Berríos, José","621244","2023","29","173","113","33","2","25","184","52",23.5,6.6,".241"
"Castillo, Luis","622491","2023","30","160","91","36","5","28","219","56",27.3,7,".218"
"Suárez, Ranger","624133","2023","27","129","87","26","3","13","119","48",22,8.9,".267"
"López, Pablo","641154","2023","27","176","121","26","5","24","234","48",29.2,6,".238"
"Dunning, Dane","641540","2023","28","163","113","27","3","20","140","55",19.4,7.6,".250"
"France, J.P.","641585","2023","28","138","98","20","1","19","101","47",17.4,8.1,".263"
"Ober, Bailey","641927","2023","27","125","78","24","1","22","146","29",25.3,5,".232"
"Peralta, Freddy","642547","2023","27","131","75","30","0","26","210","54",30.9,7.9,".212"
"Alcantara, Sandy","645261","2023","27","176","123","30","1","22","151","48",19.8,6.3,".251"
"Civale, Aaron","650644","2023","28","109","75","21","1","12","116","33",23,6.5,".235"
"Canning, Griffin","656288","2023","27","121","77","19","3","22","139","36",25.9,6.7,".245"
"Cease, Dylan","656302","2023","27","172","112","32","9","19","214","79",27.3,10.1,".250"
"Flaherty, Jack","656427","2023","27","162","106","37","2","17","148","66",22.8,10.2,".287"
"Keller, Mitch","656605","2023","27","187","122","38","2","25","210","55",25.5,6.7,".249"
"Kopech, Michael","656629","2023","27","115","63","21","2","29","134","91",22.7,15.4,".238"
"Megill, Tylor","656731","2023","27","141","98","25","0","18","105","58",18.5,10.2,".282"
"Montgomery, Jordan","656756","2023","30","177","111","45","3","18","166","48",21.4,6.2,".247"
"Steele, Justin","657006","2023","27","167","117","34","2","14","176","36",24.6,5,".251"
"Webb, Logan","657277","2023","26","201","143","34","4","20","194","31",22.8,3.6,".248"
"Schmidt, Clarke","657376","2023","27","169","103","41","1","24","149","46",21.5,6.6,".268"
"Ryan, Joe","657746","2023","27","155","92","30","1","32","197","34",29.3,5.1,".248"
"Ohtani, Shohei","660271","2023","28","85","52","15","0","18","167","55",31.5,10.4,".184"
"Irvin, Jake","663623","2023","26","118","79","17","2","20","99","54",18.7,10.2,".255"
"Sandoval, Patrick","663776","2023","26","145","103","29","1","12","128","74",19.6,11.3,".256"
"Singer, Brady","663903","2023","26","182","113","44","5","20","133","49",18.9,7,".287"
"Valdez, Framber","664285","2023","29","166","107","37","3","19","200","57",24.8,7.1,".228"
"Javier, Cristian","664299","2023","26","143","81","33","4","25","159","62",23.1,9,".234"
"Kremer, Dean","665152","2023","27","171","117","26","1","27","157","55",21.4,7.5,".254"
"Garrett, Braxton","666129","2023","25","154","93","37","4","20","156","29",23.7,4.4,".250"
"Luzardo, Jesús","666200","2023","25","162","94","43","3","22","208","55",28.1,7.4,".239"
"Gallen, Zac","668678","2023","27","188","121","42","3","22","220","47",26,5.6,".238"
"Ashcraft, Graham","668933","2023","25","148","98","23","4","23","111","52",17.8,8.3,".265"
"Gore, MacKenzie","669022","2023","24","134","86","19","2","27","151","57",25.9,9.8,".258"
"Nelson, Ryne","669194","2023","25","159","88","37","10","24","96","46",15.5,7.4,".284"
"Burnes, Corbin","669203","2023","28","141","99","19","1","22","200","66",25.5,8.4,".200"
"Gilbert, Logan","669302","2023","26","169","102","36","2","29","189","36",24.5,4.7,".233"
"Bieber, Shane","669456","2023","28","124","79","29","2","14","107","34",20.1,6.4,".253"
"Kirby, George","669923","2023","25","179","122","28","7","22","172","19",22.7,2.5,".246"
"Oviedo, Johan","670912","2023","25","161","96","41","5","19","158","83",20.2,10.6,".237"
"Allen, Logan","671106","2023","24","127","83","28","0","16","119","48",22.2,8.9,".263"
"Detmers, Reid","672282","2023","23","141","93","28","1","19","168","60",26.1,9.3,".248"
"Senga, Kodai","673540","2023","30","126","88","21","0","17","202","77",29.1,11.1,".208"
"Strider, Spencer","675911","2023","24","146","92","29","3","22","281","58",36.8,7.6,".210"
"Miller, Bobby","676272","2023","24","105","68","22","3","12","119","32",23.6,6.3,".226"
"Bibee, Tanner","676440","2023","24","122","83","26","0","13","141","45",24.1,7.7,".230"
"Sears, JP","676664","2023","27","165","94","33","4","34","161","53",21.9,7.2,".249"
"Crawford, Kutter","676710","2023","27","107","62","26","2","17","135","36",25.6,6.8,".221"
"Bello, Brayan","678394","2023","24","165","103","36","2","24","132","45",19.8,6.7,".270"
"Rodriguez, Grayson","680570","2023","23","121","83","18","4","16","129","42",25,8.2,".259"
"Gray, Josiah","680686","2023","25","152","100","29","1","22","143","80",20.5,11.5,".251"
"Bradish, Kyle","680694","2023","26","132","90","27","1","14","168","44",25,6.6,".215"
"Miller, Bryce","682243","2023","24","124","70","36","0","18","119","26",22.2,4.8,".248"
"Waldichuk, Ken","686610","2023","25","149","84","39","2","24","132","71",20.7,11.1,".271"
"Brown, Hunter","686613","2023","24","157","95","34","2","26","178","55",26.8,8.3,".262"
"Elder, Bryce","693821","2023","24","160","106","32","3","19","128","63",17.5,8.6,".245"
"Morton, Charlie","450203","2024","40","128","78","28","1","21","140","52",24,8.9,".251"
"Lynn, Lance","458681","2024","37","104","69","19","1","15","97","41",20.8,8.8,".249"
"Carrasco, Carlos","471911","2024","37","112","62","26","5","19","89","33",19.9,7.4,".276"
"Quintana, Jose","500779","2024","35","135","84","26","3","22","112","57",17.9,9.1,".246"
"Gibson, Kyle","502043","2024","36","143","94","26","4","19","134","56",21.4,8.9,".256"
"Sale, Chris","519242","2024","35","123","85","27","3","8","197","34",32.4,5.6,".218"
"Pérez, Martín","527048","2024","33","134","88","26","0","20","91","42",18,8.3,".293"
"Anderson, Tyler","542881","2024","34","138","85","29","3","21","125","65",18.4,9.5,".227"
"Eovaldi, Nathan","543135","2024","34","117","79","19","1","18","138","32",24.5,5.7,".224"
"Gray, Sonny","543243","2024","34","127","73","28","5","21","179","36",30,6,".229"
"Hendricks, Kyle","543294","2024","34","125","89","15","1","20","69","32",15.2,7.1,".302"
"Suárez, Albert","544150","2024","34","103","68","26","1","8","85","35",18.6,7.6,".250"
"Lorenzen, Michael","547179","2024","32","100","63","19","1","17","92","58",17.7,11.2,".221"
"Wheeler, Zack","554430","2024","34","119","74","25","3","17","183","45",27.5,6.8,".196"
"Ureña, José","570632","2024","32","100","69","18","1","12","65","36",15.1,8.4,".258"
"Corbin, Patrick","571578","2024","34","174","112","35","7","20","113","48",17.6,7.5,".299"
"Heaney, Andrew","571760","2024","33","129","85","25","1","18","133","37",23,6.4,".245"
"Mikolas, Miles","571945","2024","35","171","100","45","4","22","107","24",16.7,3.7,".281"
"Paxton, James","572020","2024","35","95","63","18","2","12","73","50",16.7,11.4,".251"
"Stroman, Marcus","573186","2024","33","136","89","25","4","18","102","57",17.1,9.5,".257"
"Kikuchi, Yusei","579328","2024","33","148","103","23","1","21","177","40",27.8,6.3,".252"
"Gausman, Kevin","592332","2024","33","146","86","37","3","20","145","47",22,7.1,".242"
"Gray, Jon","592351","2024","32","107","75","17","4","11","86","28",19.6,6.4,".262"
"Taillon, Jameson","592791","2024","32","137","95","20","2","20","107","27",18.5,4.7,".251"
"Montas, Frankie","593423","2024","31","122","79","26","0","17","110","54",19.9,9.8,".251"
"Lively, Ben","594902","2024","32","119","72","21","4","22","105","42",19.3,7.7,".240"
"Gomber, Austin","596295","2024","30","151","87","34","3","27","102","36",16.9,6,".267"
"Pivetta, Nick","601713","2024","31","105","59","19","3","24","141","28",29.3,5.8,".234"
"Bassitt, Chris","605135","2024","35","155","117","21","1","16","149","57",22.6,8.6,".265"
"Nola, Aaron","605400","2024","31","155","96","34","1","24","162","43",23.1,6.1,".238"
"Rea, Colin","607067","2024","33","134","82","26","2","24","118","36",19.4,5.9,".238"
"Rodón, Carlos","607074","2024","31","136","77","30","4","25","161","47",25.9,7.6,".242"
"Glasnow, Tyler","607192","2024","30","92","48","27","2","15","168","35",32.2,6.7,".190"
"Fedde, Erick","607200","2024","31","133","85","25","3","20","137","46",21.5,7.2,".229"
"Martinez, Nick","607259","2024","33","110","69","26","2","13","86","14",19.1,3.1,".258"
"Lugo, Seth","607625","2024","34","156","103","34","4","15","155","44",21.2,6,".232"
"Fried, Max","608331","2024","30","120","97","11","0","12","130","50",22.4,8.6,".230"
"Irvin, Cole","608344","2024","30","124","77","27","5","15","73","25",15.7,5.4,".289"
"Wacha, Michael","608379","2024","32","135","89","27","3","16","123","39",20.7,6.6,".249"
"Quantrill, Cal","615698","2024","29","139","87","26","6","20","103","57",17.3,9.5,".265"
"Eflin, Zach","621107","2024","30","143","97","27","2","17","121","16",20.6,2.7,".254"
"Berríos, José","621244","2024","30","149","101","17","3","28","134","47",19.3,6.8,".236"
"Castillo, Luis","622491","2024","31","149","89","35","2","23","167","45",24.6,6.6,".238"
"Severino, Luis","622663","2024","30","146","104","21","2","19","136","54",20.3,8.1,".244"
"Flexen, Chris","623167","2024","29","155","92","40","3","20","99","57",16.1,9.3,".282"
"Suárez, Ranger","624133","2024","28","109","71","26","1","11","128","29",24.7,5.6,".227"
"López, Reynaldo","625643","2024","30","100","69","21","2","8","125","42",25.4,8.5,".226"
"Maeda, Kenta","628317","2024","36","114","69","24","1","20","81","29",18.7,6.7,".287"
"Manaea, Sean","640455","2024","32","114","74","24","0","16","154","54",25,8.8,".207"
"López, Pablo","641154","2024","28","142","92","28","0","22","164","33",25.7,5.2,".241"
"Cortes Jr., Nestor","641482","2024","29","155","90","42","0","23","144","32",22.1,4.9,".254"
"Littell, Zack","641793","2024","28","151","102","27","1","21","118","30",20.6,5.2,".282"
"Ober, Bailey","641927","2024","28","112","60","26","4","22","155","39",26.3,6.6,".207"
"Peralta, Freddy","642547","2024","28","126","83","18","1","24","175","58",27.3,9.1,".223"
"King, Michael","650633","2024","29","125","85","22","2","16","177","57",28,9,".220"
"Civale, Aaron","650644","2024","29","136","87","25","0","24","127","46",21.7,7.9,".256"
"Sánchez, Cristopher","650911","2024","27","158","120","28","2","8","124","36",19.6,5.7,".266"
"Canning, Griffin","656288","2024","28","148","96","24","3","25","106","52",17.1,8.4,".267"
"Cease, Dylan","656302","2024","28","120","71","31","1","17","201","58",30.3,8.7,".203"
"Flaherty, Jack","656427","2024","28","117","79","12","5","21","174","29",31.1,5.2,".223"
"Houck, Tanner","656557","2024","28","146","111","25","0","10","143","46",20.8,6.7,".234"
"Keller, Mitch","656605","2024","28","158","98","31","9","20","145","42",21.4,6.2,".257"
"Montgomery, Jordan","656756","2024","31","131","81","35","3","12","70","38",15.1,8.2,".313"
"Steele, Justin","657006","2024","28","105","72","22","0","11","131","34",24.9,6.5,".218"
"Webb, Logan","657277","2024","27","177","134","29","4","10","154","44",20.5,5.9,".253"
"Ryan, Joe","657746","2024","28","110","61","24","6","19","147","23",27.3,4.3,".217"
"Gil, Luis","661563","2024","26","83","46","23","2","12","144","66",27.5,12.6,".185"
"Waldron, Matt","663362","2024","27","137","86","31","1","19","130","40",21.6,6.6,".250"
"Feltner, Ryan","663372","2024","27","147","102","24","2","19","115","42",20,7.3,".281"
"Falter, Bailey","663559","2024","27","116","76","26","0","14","81","34",16.8,7.1,".265"
"Irvin, Jake","663623","2024","27","151","90","32","3","26","136","40",20.6,6.1,".247"
"Hicks, Jordan","663855","2024","27","108","74","20","2","12","95","46",20.1,9.7,".260"
"Singer, Brady","663903","2024","27","148","99","30","3","16","147","41",22.9,6.4,".252"
"Valdez, Framber","664285","2024","30","120","89","19","1","11","146","47",24.4,7.9,".223"
"Kremer, Dean","665152","2024","28","93","60","18","0","15","99","44",21.6,9.6,".229"
"Assad, Javier","665871","2024","26","118","76","24","2","16","106","53",19.6,9.8,".248"
"Ragans, Cole","666142","2024","26","132","86","29","3","14","197","56",29.5,8.4,".219"
"Lodolo, Nick","666157","2024","26","101","62","26","0","13","122","37",24.7,7.5,".231"
"Soriano, José","667755","2024","25","91","65","17","1","8","97","45",20.7,9.6,".224"
"Gallen, Zac","668678","2024","28","116","75","27","5","9","118","43",23,8.4,".250"
"Greene, Hunter","668881","2024","24","93","60","19","3","11","162","53",27.8,9.1,".185"
"Myers, Tobias","668964","2024","25","102","70","15","1","16","101","32",21.6,6.8,".240"
"Gore, MacKenzie","669022","2024","25","158","110","32","3","13","146","55",23.5,8.9,".286"
"Wilson, Bryse","669060","2024","26","102","71","9","2","20","82","31",18.6,7,".252"
"Nelson, Ryne","669194","2024","26","144","86","35","8","15","112","30",19.6,5.2,".271"
"Burnes, Corbin","669203","2024","29","151","110","20","1","20","154","41",22.3,5.9,".234"
"Gilbert, Logan","669302","2024","27","128","72","36","1","19","181","32",26.5,4.7,".199"
"Skubal, Tarik","669373","2024","27","124","84","23","3","14","201","33",30.3,5,".201"
"Rogers, Trevor","669432","2024","26","140","86","37","3","14","97","56",17.3,10,".285"
"Blanco, Ronel","669854","2024","30","101","57","20","3","21","144","61",24,10.1,".190"
"Kirby, George","669923","2024","26","158","104","31","3","20","153","21",23,3.2,".250"
"Abbott, Andrew","671096","2024","25","127","73","28","1","25","114","52",19.5,8.9,".240"
"Allen, Logan","671106","2024","25","113","62","26","3","22","79","41",18.3,9.5,".295"
"Bradley, Taj","671737","2024","23","96","61","16","1","18","121","38",26.4,8.3,".234"
"Bibee, Tanner","676440","2024","25","127","71","35","2","19","156","35",26.6,6,".235"
"Sears, JP","676664","2024","28","143","85","33","3","22","117","40",18.5,6.3,".251"
"Crawford, Kutter","676710","2024","28","128","69","29","2","28","141","42",22.1,6.6,".220"
"Crochet, Garrett","676979","2024","25","110","71","20","2","17","188","31",34.9,5.8,".220"
"Bello, Brayan","678394","2024","25","143","95","29","0","19","135","53",22,8.6,".260"
"Marsh, Alec","679525","2024","26","104","62","23","2","17","100","34",21.5,7.3,".248"
"Rodriguez, Grayson","680570","2024","24","109","68","24","2","15","130","36",26.5,7.3,".243"
"Woods Richardson, Simeon","680573","2024","23","106","73","18","1","14","104","40",20.6,7.9,".233"
"Parker, Mitchell","680730","2024","24","133","88","26","2","17","117","35",20.9,6.2,".255"
"Arrighetti, Spencer","681293","2024","24","114","71","25","1","17","151","57",28,10.6,".241"
"Miller, Bryce","682243","2024","25","119","74","24","1","20","147","36",24,5.9,".208"
"Ortiz, Luis","682847","2024","25","89","56","17","4","12","88","35",19.1,7.6,".215"
"Estes, Joey","683155","2024","22","96","49","29","2","16","83","23",18.9,5.2,".236"
"Imanaga, Shota","684007","2024","30","131","87","21","0","23","148","23",25,3.9,".232"
"Brown, Hunter","686613","2024","25","135","102","15","2","16","155","54",25.2,8.8,".243"
"Pepiot, Ryan","686752","2024","26","83","52","14","2","15","114","38",25.8,8.6,".210"
"Spence, Mitch","687765","2024","26","129","79","31","3","16","105","41",19.6,7.7,".264"
"Harrison, Kyle","690986","2024","22","118","76","24","1","17","115","41",22.3,7.9,".256"
"Pfaadt, Brandon","694297","2024","25","157","107","25","6","19","155","34",23.3,5.1,".253"
"Stone, Gavin","694813","2024","25","133","88","25","2","18","116","37",20,6.4,".248"