Name,Team,Pos,Injury / Surgery Date,Injury / Surgery,Status,IL Retro Date,Eligible to Return,Return Date,Latest Update
Silvino Bracho,ARI,RP,03/13/19,Tommy John surgery,Active roster,07/20/20,09/03/20,09/25/20,Activated
Michael Fulmer,DET,SP,03/27/19,Tommy John surgery,Active roster,,,07/23/20,Activated
Anderson Espinoza,SDP,SP,04/22/19,Tommy John surgery,45-Day IL,02/12/20,06/30/20,09/28/20,Out for 2020 season
Carlos Rodón,CHW,SP,05/15/19,Tommy John surgery,,07/20/20,07/30/20,07/24/20,Activated
Corbin Martin,ARI,SP,07/03/19,Tommy John surgery,45-Day IL,07/20/20,09/03/20,09/28/20,Out for 2020 season
Dustin Pedroia,BOS,2B,08/07/19,Knee joint procedure,45-Day IL,02/23/20,06/30/20,09/28/20,Out for 2020 season
Jameson Taillon,PIT,SP,08/13/19,Tommy John surgery,45-Day IL,02/13/20,06/30/20,09/28/20,Out for 2020 season
David Robertson,PHI,RP,08/15/19,Tommy John surgery,45-Day IL,02/12/20,06/30/20,09/28/20,Out for 2020 season
Reyes Moronta,SFG,RP,09/10/19,Shoulder surgery (torn labrum),45-Day IL,02/12/20,06/30/20,09/28/20,No timetable for return
Austin Adams,SDP,RP,Oct '19,Knee surgery (torn ACL),Active roster,02/12/20,06/30/20,09/20/20,Activated
Jed Lowrie,NYM,INF,Feb '20,Knee discomfort,45-Day IL,07/20/20,09/03/20,09/28/20,No timetable for return
Aramis Garcia,SFG,C,02/06/20,Hip surgery,45-Day IL,03/10/20,06/30/20,09/28/20,Out for 2020 season
Daniel Mengden,OAK,SP/RP,02/10/20,Arthroscopic elbow surgery,,,,07/22/20,Activated
Mitch Haniger,SEA,OF,1/23/20; 2/13/20,Core surgery; Microdiscectomy,45-Day IL,07/20/20,09/03/20,09/28/20,Out for 2020 season
Luis Severino,NYY,SP,02/27/20,Tommy John surgery,45-Day IL,07/20/20,09/03/20,09/28/20,Out for 2020 season
Brock Burke,TEX,SP,02/28/20,Shoulder surgery (labrum debridement),45-Day IL,07/20/20,09/03/20,09/28/20,Out for 2020 season
Jeremy Walker,ATL,RP,Mar '20,Shoulder impingement,45-Day IL,07/20/20,09/03/20,09/28/20,No timetable for return
Yennsy Díaz,TOR,SP/RP,03/09/20,Strained lat,45-Day IL,03/15/20,06/30/20,09/28/20,No timetable for return
Trey Mancini,BAL,1B/OF,03/12/20,Surgery (colon cancer),45-Day IL,07/20/20,09/03/20,09/28/20,Out for 2020 season
Rogelio Armenteros,HOU,SP/RP,03/13/20,Elbow surgery (bone spur),45-Day IL,07/20/20,09/03/20,09/28/20,No timetable for return
Andrés Muñoz,SEA,RP,03/20/20,Tommy John surgery,45-Day IL,07/20/20,09/03/20,09/28/20,Out for 2020 season
Tyler Beede,SFG,SP/RP,03/20/20,Tommy John surgery,45-Day IL,07/20/20,09/03/20,09/28/20,Out for 2020 season
Noah Syndergaard,NYM,SP,03/26/20,Tommy John surgery,45-Day IL,07/20/20,09/03/20,09/28/20,Out for 2020 season
Chris Sale,BOS,SP,03/30/20,Tommy John surgery,45-Day IL,07/20/20,09/03/20,09/28/20,Out for 2020 season
Joely Rodríguez,TEX,RP,April '20,Strained lat,,07/20/20,07/30/20,08/04/20,Activated
Kevin Kramer,PIT,INF/OF,May '20,Hip surgery,45-Day IL,07/20/20,09/03/20,09/28/20,Out for 2020 season
Yoshihisa Hirano,SEA,RP,Jun '20,COVID-19,Active roster,07/20/20,,08/21/20,Activated
Chris Archer,PIT,SP,06/02/20,Thoracic outlet syndrome surgery,45-Day IL,07/20/20,09/03/20,09/28/20,Out for 2020 season
John Brebbia,STL,RP,06/03/20,Tommy John surgery,45-Day IL,07/20/20,09/03/20,09/28/20,Out for 2020 season
Caleb Smith,ARI,SP,Jul '20,Undisclosed,Active roster,08/03/20,,09/11/20,Activated
Freddie Freeman,ATL,1B,Jul '20,COVID-19,Active roster,07/20/20,,07/24/20,Activated
Will Smith,ATL,RP,Jul '20,COVID-19,Active roster,07/20/20,,08/06/20,Activated
Phil Pfeifer,ATL,SP/RP,Jul '20,Elbow bone contusion,45-Day IL,07/20/20,09/03/20,09/28/20,No timetable for return
Jacob Webb,ATL,RP,Jul '20,Strained shoulder,Active roster,07/20/20,09/03/20,09/08/20,Activated
Dwight Smith Jr.,BAL,OF,Jul '20,COVID-19,Player Pool,07/20/20,,07/22/20,Activated
John Means,BAL,SP,Jul '20,Shoulder fatigue,,07/20/20,07/30/20,07/30/20,Activated
Eduardo Rodriguez,BOS,SP,Jul '20,COVID-19,10-Day IL,07/20/20,,09/28/20,Out for 2020 season
Darwinzon Hernández,BOS,RP,Jul '20,COVID-19,,07/20/20,,08/20/20,Activated
Josh Taylor,BOS,RP,Jul '20,COVID-19,,07/20/20,,08/17/20,Activated
Nomar Mazara,CHW,OF,Jul '20,Illness,Active roster,07/21/20,,08/03/20,Activated
José Ruiz,CHW,RP,Jul '20,Undisclosed,Active roster,07/20/20,,08/09/20,Activated
Yoán Moncada,CHW,3B,Jul '20,COVID-19,Active roster,07/20/20,07/30/20,07/24/20,Activated
Delino DeShields,CLE,OF,Jul '20,COVID-19,Active roster,07/20/20,,08/06/20,Activated
Charlie Blackmon,COL,OF,Jul '20,COVID-19,Active roster,07/20/20,,07/24/20,Activated
Daniel Norris,DET,SP,Jul '20,COVID-19,Active roster,07/20/20,,08/02/20,Activated
Dario Agrazal,DET,SP,Jul '20,Strained forearm,45-Day IL,07/24/20,09/07/20,09/28/20,No timetable for return
Sergio Alcántara,DET,SP/RP,Jul '20,Undisclosed,Active roster,07/20/20,,08/07/20,Activated
Troy Stokes Jr.,DET,OF,Jul '20,Hand surgery,45-Day IL,08/07/20,09/21/20,09/28/20,No timetable for return
Daz Cameron,DET,SP/RP,Jul '20,COVID-19,Active roster,07/20/20,,09/09/20,Activated
Isaac Paredes,DET,SP/RP,Jul '20,Undisclosed,Active roster,07/20/20,,08/07/20,Activated
Brad Peacock,HOU,RP,Jul '20,Shoulder soreness,,07/20/20,07/30/20,09/05/20,Activated
José Urquidy,HOU,SP,Jul '20,COVID-19,Active roster,07/20/20,,09/05/20,Activated
Yordan Alvarez,HOU,DH,Jul '20,COVID-19,,07/20/20,,08/14/20,Activated
Cionel Pérez,HOU,RP,Jul '20,Undisclosed,Active roster,07/20/20,,08/20/20,Activated
Salvador Perez,KCR,C,Jul '20,COVID-19,Active roster,07/20/20,,07/24/20,Activated
Cam Gallagher,KCR,C,Jul '20,COVID-19,Active roster,07/20/20,,08/02/20,Activated
Jakob Junis,KCR,SP,Jul '20,COVID-19,Active roster,07/20/20,,08/02/20,Activated
Randy Rosario,KCR,RP,Jul '20,Arm tightness,Active roster,07/20/20,07/30/20,08/21/20,Activated
Brad Keller,KCR,SP,Jul '20,COVID-19,Active roster,07/20/20,,08/06/20,Activated
Kelvin Gutiérrez,KCR,3B/1B,Jul '20,Sprained elbow,Active roster,07/20/20,09/03/20,09/12/20,Activated
Ryan O'Hearn,KCR,1B,Jul '20,COVID-19,Active roster,07/20/20,,07/27/20,Activated
Chance Adams,KCR,SP/RP,Jul '20,TBD,Player Pool,07/20/20,07/30/20,08/07/20,Activated
Julio Teheran,LAA,SP,Jul '20,COVID-19,Active roster,07/20/20,,08/05/20,Activated
Dillon Peters,LAA,SP/RP,Jul '20,Undisclosed,Player Pool,07/20/20,,09/01/20,Activated
José Quijada,LAA,RP,Jul '20,Undisclosed,Player Pool,07/20/20,,08/23/20,Activated
Luis Rengifo,LAA,INF,Jul '20,Strained hamstring,,07/20/20,07/30/20,07/28/20,Activated
José Suarez,LAA,SP/RP,Jul '20,Undisclosed,Player Pool,07/20/20,,08/10/20,Activated
Sean Rodríguez,MIA,INF/OF,Jul '20,Undisclosed,Active roster,08/03/20,,09/15/20,Activated
Matt Joyce,MIA,OF,Jul '20,COVID-19,Active roster,07/20/20,,08/04/20,Activated
Miguel Rojas,MIA,SS,Jul '20,COVID-19,Active roster,08/03/20,,08/20/20,Activated
Adam Conley,MIA,RP,Jul '20,Undisclosed,Outrighted,08/03/20,,08/31/20,Activated
Yimi García,MIA,RP,Jul '20,Undisclosed,Active roster,08/03/20,,08/28/20,Activated
Ryne Stanek,MIA,RP,Jul '20,Undisclosed,Active roster,08/03/20,,09/04/20,Activated
Chad Wallach,MIA,C,Jul '20,Undisclosed,Active roster,08/03/20,,08/29/20,Activated
Jorge Alfaro,MIA,C,Jul '20,COVID-19,Active roster,07/24/20,,08/21/20,Activated
Lewis Brinson,MIA,OF,Jul '20,Undisclosed,Active roster,07/20/20,,08/04/20,Activated
Sandy Alcantara,MIA,SP,Jul '20,Undisclosed,Active roster,08/03/20,,08/30/20,Activated
Jeff Brigham,MIA,RP,Jul '20,Undisclosed,10-Day IL,08/03/20,,09/28/20,No timetable for return
Jordan Holloway,MIA,RP,Jul '20,Undisclosed,10-Day IL,08/02/20,,09/28/20,No timetable for return
Nick Neidert,MIA,SP/RP,Jul '20,Undisclosed,Active roster,08/03/20,,09/13/20,Activated
Robert Dugger,MIA,SP/RP,Jul '20,Undisclosed,Active roster,08/03/20,,08/29/20,Activated
Alex Vesia,MIA,RP,Jul '20,Undisclosed,Player Pool,08/02/20,,08/29/20,Activated
Angel Perdomo,MIL,RP,Jul '20,COVID-19,Player Pool,07/20/20,,08/13/20,Activated
Eric Lauer,MIL,SP,Jul '20,COVID-19,Player Pool,07/20/20,,07/26/20,Activated
Luis Urías,MIL,INF,Jul '20,COVID-19,Active roster,07/20/20,,08/10/20,Activated
Willians Astudillo,MIN,UTL,Jul '20,COVID-19,Active roster,07/20/20,,08/11/20,Activated
Miguel Sanó,MIN,1B,Jul '20,COVID-19,Active roster,07/20/20,,07/24/20,Activated
Nick Gordon,MIN,INF,Jul '20,COVID-19,10-Day IL,07/20/20,,09/28/20,No timetable for return
Jared Hughes,NYM,RP,Jul '20,COVID-19,Active roster,07/20/20,,08/02/20,Activated
Brad Brach,NYM,RP,Jul '20,COVID-19,Active roster,07/20/20,,08/11/20,Activated
Jake Marisnick,NYM,OF,Jul '20,Strained hamstring,,07/29/20,08/08/20,08/28/20,Activated
Robert Gsellman,NYM,RP,Jul '20,Triceps tightness,,07/20/20,07/30/20,08/07/20,Activated
DJ LeMahieu,NYY,INF,Jul '20,COVID-19,,07/20/20,,07/24/20,Activated
Luis Cessa,NYY,RP/SP,Jul '20,COVID-19,Active roster,07/20/20,,08/05/20,Activated
Tommy Hunter,PHI,RP,Jul '20,COVID-19,Active roster,07/20/20,,07/24/20,Activated
Héctor Neris,PHI,RP,Jul '20,COVID-19,Active roster,07/20/20,,07/24/20,Activated
Ranger Suárez,PHI,SP/RP,Jul '20,Undisclosed,Player Pool,07/20/20,,08/31/20,Activated
Scott Kingery,PHI,INF/OF,Jul '20,COVID-19,,07/20/20,,07/24/20,Activated
Gregory Polanco,PIT,OF,Jul '20,COVID-19,Active roster,07/20/20,,07/27/20,Activated
JT Riddle,PIT,INF/OF,Jul '20,Strained abdomen,Active roster,07/20/20,07/30/20,08/05/20,Activated
Keone Kela,PIT,RP,Jul '20,COVID-19,,07/20/20,,08/13/20,Activated
Jorge Mateo,SDP,INF/OF,Jul '20,COVID-19,Active roster,07/22/20,,08/13/20,Activated
Evan Longoria,SFG,3B,Jul '20,Strained oblique,Active roster,07/20/20,07/30/20,07/30/20,Activated
Brandon Belt,SFG,1B,Jul '20,Achilles tendinitis,Active roster,07/20/20,07/30/20,07/30/20,Activated
Jarlín García,SFG,RP,Jul '20,Undisclosed,Active roster,07/20/20,,08/09/20,Activated
Yadier Molina,STL,C,Jul '20,COVID-19,Active roster,08/04/20,,08/20/20,Activated
Brad Miller,STL,INF/OF,Jul '20,Ankle bursitis,Active roster,07/20/20,07/30/20,08/04/20,Activated
Rangel Ravelo,STL,INF/OF,Jul '20,COVID-19,Active roster,08/05/20,,09/02/20,Activated
Carlos Martinez,STL,SP,Jul '20,COVID-19,Active roster,08/04/20,,09/08/20,Activated
Giovanny Gallegos,STL,RP,Jul '20,Undisclosed,Active roster,07/20/20,,07/28/20,Activated
Edmundo Sosa,STL,INF,Jul '20,COVID-19,Player Pool,08/04/20,,08/27/20,Activated
Paul DeJong,STL,SS,Jul '20,COVID-19,Active roster,08/04/20,,08/23/20,Activated
Junior Fernández,STL,RP,Jul '20,COVID-19,Active roster,08/04/20,,07/28/20,Activated
Kodi Whitley,STL,RP,Jul '20,COVID-19,Active roster,08/04/20,,09/22/20,Activated
Austin Meadows,TBR,OF,Jul '20,COVID-19,,07/20/20,,08/04/20,Activated
Brendan McKay,TBR,SP/RP,Jul '20,Undisclosed,Player Pool,07/20/20,,08/30/20,Activated
Randy Arozarena,TBR,OF,Jul '20,Undisclosed,Active roster,07/20/20,,08/30/20,Activated
Rafael Montero,TEX,RP,Jul '20,Elbow tendinitis,Active roster,07/20/20,07/30/20,08/07/20,Activated
Brett Martin,TEX,RP,Jul '20,COVID-19,,07/20/20,,07/28/20,Activated
Wilmer Font,TOR,RP,Jul '20,Undisclosed,,07/20/20,,07/27/20,Activated
Brandon Drury,TOR,INF/OF,Jul '20,Undisclosed,Player Pool,07/20/20,,07/26/20,Activated
Jonathan Davis,TOR,OF,Jul '20,Undisclosed,Active roster,07/20/20,,08/02/20,Activated
Hector Perez,TOR,SP/RP,Jul '20,Undisclosed,Player Pool,07/20/20,,09/16/20,Activated
Elvis Luciano,TOR,SP/RP,Jul '20,Undisclosed,10-Day IL,07/20/20,,09/28/20,No timetable for return
Wander Suero,WSN,RP,Jul '20,Undisclosed,Active roster,07/20/20,,08/04/20,Activated
Masahiro Tanaka,NYY,SP,07/04/20,Concussion,Active roster,07/20/20,07/30/20,08/01/20,Activated
Derek Fisher,TOR,OF,07/04/20,Strained quad,,07/05/20,07/15/20,08/26/20,Activated
Jimmy Nelson,LAD,RP/SP,07/07/20,Lower back surgery,45-Day IL,07/20/20,09/03/20,09/28/20,Out for 2020 season
José Castillo,SDP,RP,07/08/20,Strained lat,45-Day IL,07/20/20,09/03/20,09/28/20,No timetable for return
Chase Anderson,TOR,SP,07/09/20,Strained oblique,Active roster,07/20/20,07/30/20,08/08/20,Activated
Dillon Tate,BAL,RP,07/10/20,Forearm contusion,10-Day IL,07/20/20,07/30/20,09/28/20,No timetable for return
Cole Hamels,ATL,SP,07/11/20,Triceps tendinitis,,07/20/20,09/03/20,09/16/20,Activated
Jose Quintana,CHC,SP,07/11/20,Thumb surgery (laceration),,07/20/20,07/30/20,08/25/20,Activated
Aroldis Chapman,NYY,RP,07/11/20,COVID-19,Active roster,07/20/20,,08/17/20,Activated
Gerson Bautista,SEA,RP,07/11/20,Strained mass flexor,45-Day IL,07/20/20,09/03/20,09/28/20,No timetable for return
Drew Steckenrider,MIA,RP,07/13/20,Triceps tendinitis,45-Day IL,07/20/20,09/03/20,09/28/20,No timetable for return
Hunter Harvey,BAL,RP,07/14/20,Elbow soreness,Active roster,07/20/20,07/30/20,08/30/20,Activated
Tom Murphy,SEA,C,07/14/20,Fractured foot,45-Day IL,07/20/20,09/03/20,09/28/20,Out for 2020 season
Richie Martin,BAL,INF,07/15/20,Wrist surgery,45-Day IL,07/20/20,09/03/20,09/28/20,Out for 2020 season
Walker Lockett,NYM,RP/SP,07/16/20,Lower back discomfort,Active roster,07/20/20,07/30/20,08/11/20,Activated
Luke Maile,PIT,C,07/16/20,Fractured finger,45-Day IL,07/20/20,09/03/20,09/28/20,Out for 2020 season
Marcus Stroman,NYM,SP,07/17/20,Triceps tightness,Opted out of season,07/20/20,07/30/20,08/10/20,Activated
Anthony DeSclafani,CIN,SP,07/18/20,Strained teres major,Active roster,07/20/20,07/30/20,08/02/20,Activated
Jordan Zimmermann,DET,SP,07/18/20,Strained forearm,Active roster,07/20/20,09/03/20,09/10/20,Activated
Trey Wingenter,SDP,RP,07/18/20,Tommy John surgery,45-Day IL,07/20/20,09/03/20,09/28/20,Out for 2020 season
Brett Anderson,MIL,SP,07/19/20,Blister on finger,Active roster,07/20/20,07/30/20,08/03/20,Activated
Ray Black,MIL,RP,07/19/20,Shoulder tightness,Active roster,07/20/20,09/03/20,09/14/20,Activated
Tyler Naquin,CLE,OF,07/20/20,Fractured toe,Active roster,07/21/20,07/31/20,08/11/20,Activated
Jake Odorizzi,MIN,SP,07/20/20,Strained intercostal,,07/20/20,07/30/20,08/08/20,Activated
Peter Lambert,COL,SP,07/21/20,Tommy John surgery,45-Day IL,07/20/20,09/03/20,09/28/20,Out for 2020 season
Hunter Dozier,KCR,INF/OF,07/21/20,COVID-19,Active roster,07/22/20,,08/09/20,Activated
Clayton Kershaw,LAD,SP,07/21/20,Back stiffness,Active roster,07/20/20,07/30/20,08/02/20,Activated
Juan Soto,WSN,OF,07/21/20,COVID-19,Active roster,07/23/20,,08/04/20,Activated
Daniel Descalso,CHC,INF,07/22/20,Sprained ankle,45-Day IL,07/20/20,09/03/20,09/28/20,No timetable for return
Justin Anderson,LAA,RP,07/22/20,Tommy John surgery,45-Day IL,07/20/20,09/03/20,09/28/20,Out for 2020 season
Tyler Flowers,ATL,C,07/24/20,Illness,Active roster,07/24/20,,07/29/20,Activated
Travis d'Arnaud,ATL,C,07/24/20,Illness,Active roster,07/24/20,,07/29/20,Activated
Aledmys Díaz,HOU,INF/OF,07/24/20,Strained groin,Active roster,07/25/20,08/04/20,08/29/20,Activated
Clay Holmes,PIT,RP,07/24/20,Strained forearm,45-Day IL,07/25/20,09/08/20,09/28/20,No timetable for return
Miles Mikolas,STL,SP,07/24/20,Strained forearm,45-Day IL,07/25/20,09/08/20,09/28/20,Out for 2020 season
Brad Wieck,CHC,RP,07/25/20,Strained hamstring,45-Day IL,07/26/20,09/09/20,09/28/20,No timetable for return
Matt Davidson,CIN,1B/3B,07/25/20,COVID-19,Player Pool,07/25/20,,07/31/20,Activated
Robert Stephenson,CIN,RP,07/25/20,Strained back,Active roster,07/26/20,08/05/20,08/24/20,Activated
Alex Wood,LAD,SP,07/25/20,Shoulder inflammation,Active roster,07/26/20,08/05/20,09/01/20,Activated
Eric Hosmer,SDP,1B,07/25/20,Gastritis,,07/29/20,08/08/20,08/08/20,Activated
Brandon Brennan,SEA,RP,07/25/20,Strained oblique,Active roster,07/26/20,09/09/20,09/15/20,Activated
Roenis Elías,WSN,RP,07/25/20,Strained flexor,45-Day IL,07/20/20,09/03/20,09/28/20,No timetable for return
Reynaldo López,CHW,SP,07/26/20,Strained shoulder,Active roster,07/27/20,08/06/20,08/22/20,Activated
Mike Moustakas,CIN,2B,07/26/20,Illness,Active roster,07/26/20,,07/29/20,Activated
Chris Devenski,HOU,RP,07/26/20,Elbow soreness,,07/29/20,08/08/20,09/04/20,Activated
Joe Biagini,HOU,RP,07/26/20,Shoulder soreness,Active roster,07/27/20,08/06/20,08/15/20,Activated
José Ureña,MIA,SP,07/26/20,COVID-19,Active roster,07/27/20,,09/07/20,Activated
Harold Ramírez,MIA,OF,07/26/20,COVID-19,,07/27/20,,09/05/20,Activated
Garrett Cooper,MIA,1B/OF,07/26/20,COVID-19,Active roster,07/27/20,,08/28/20,Activated
Eduardo Núñez,NYM,INF,07/26/20,Knee contusion,45-Day IL,07/27/20,09/10/20,09/28/20,No timetable for return
Corey Kluber,TEX,SP,07/26/20,Strained teres major,45-Day IL,07/27/20,09/10/20,09/28/20,No timetable for return
José Leclerc,TEX,RP,07/26/20,Strained teres major,45-Day IL,07/27/20,09/10/20,09/28/20,No timetable for return
Ken Giles,TOR,RP,07/26/20,Elbow discomfort,,07/27/20,09/10/20,09/11/20,Activated
Wade Miley,CIN,SP,07/27/20,Strained groin,,07/28/20,08/07/20,08/12/20,Activated
Mike Montgomery,KCR,SP,07/27/20,Strained lat,Active roster,07/28/20,09/11/20,09/23/20,Activated
Andrelton Simmons,LAA,SS,07/27/20,Sprained ankle,Active roster,07/28/20,08/07/20,08/21/20,Activated
Kyle Crick,PIT,RP,07/27/20,Strained lat,,07/28/20,08/07/20,08/29/20,Activated
Jimmy Lambert,CHW,RP,07/28/20,Strained forearm,45-Day IL,07/29/20,09/12/20,09/28/20,No timetable for return
Roberto Pérez,CLE,C,07/28/20,Shoulder soreness,Active roster,07/29/20,08/08/20,08/18/20,Activated
Homer Bailey,MIN,SP,07/28/20,Biceps tendinitis,Active roster,07/30/20,09/13/20,09/22/20,Activated
Danny Santana,TEX,INF/OF,07/28/20,Strained forearm,,07/30/20,08/09/20,08/16/20,Activated
Will Harris,WSN,RP,07/28/20,Strained groin,Active roster,07/29/20,08/08/20,08/13/20,Activated
James Norwood,CHC,RP,07/29/20,Shoulder inflammation,45-Day IL,07/30/20,09/13/20,09/28/20,No timetable for return
Rich Hill,MIN,SP,07/29/20,Shoulder fatigue,Active roster,07/31/20,08/10/20,08/19/20,Activated
René Rivera,NYM,C,07/29/20,Hyperextended elbow,45-Day IL,07/30/20,09/13/20,09/28/20,No timetable for return
Colin Poche,TBR,RP,07/29/20,Tommy John surgery,45-Day IL,07/20/20,09/03/20,09/28/20,Out for 2020 season
Ozzie Albies,ATL,2B,07/30/20,Wrist contusion,Active roster,08/05/20,08/15/20,09/09/20,Activated
Cameron Maybin,DET,OF,07/30/20,Strained quad,Active roster,07/31/20,08/10/20,08/14/20,Activated
Zack Littell,MIN,RP,07/30/20,Strained hamstring,,07/31/20,08/10/20,08/13/20,Activated
Seranthony Domínguez,PHI,RP,07/30/20,Tommy John surgery,45-Day IL,07/20/20,09/03/20,09/28/20,Out for 2020 season
Sam Coonrod,SFG,RP,07/30/20,Strained lat,,07/31/20,08/10/20,08/23/20,Activated
Tim Anderson,CHW,SS,07/31/20,Strained groin,Active roster,08/01/20,08/11/20,08/11/20,Activated
Wade Davis,COL,RP,07/31/20,Strained shoulder,Active roster,08/01/20,08/11/20,09/12/20,Activated
Josh Donaldson,MIN,3B,07/31/20,Strained calf,Active roster,08/04/20,08/14/20,09/02/20,Activated
Jordan Weems,OAK,RP,07/31/20,Strained lat,Active roster,08/01/20,08/11/20,08/14/20,Activated
Chris Davis,BAL,1B,Aug'20,Patellar tendinitis,,08/20/20,08/30/20,09/08/20,Activated
Roberto Osuna,HOU,RP,08/01/20,Elbow soreness,45-Day IL,08/02/20,09/16/20,09/28/20,No timetable for return
Bubba Starling,KCR,OF,Aug '20,Undisclosed,Active roster,08/05/20,,08/14/20,Activated
Michael Feliz,PIT,RP,08/01/20,Strained forearm,45-Day IL,08/02/20,09/16/20,09/28/20,No timetable for return
Mitch Keller,PIT,SP,08/01/20,Side discomfort,Active roster,08/02/20,08/12/20,09/14/20,Activated
Drew Smyly,SFG,SP,08/01/20,Sprained finger,Active roster,08/02/20,08/12/20,09/10/20,Activated
Austin Gomber,STL,SP/RP,Aug '20,COVID-19 protocol,Active roster,08/15/20,,08/19/20,Activated
Austin Dean,STL,OF/1B,Aug '20,COVID-19,,08/15/20,,09/10/20,Activated
Lane Thomas,STL,OF,Aug '20,COVID-19,Active roster,08/15/20,,08/31/20,Activated
Ryan Helsley,STL,RP,Aug '20,COVID-19,Active roster,08/15/20,,09/01/20,Activated
Kevan Smith,TBR,C,08/01/20,Illness,Active roster,08/01/20,,08/02/20,Activated
Manuel Margot,TBR,OF,Aug '20,Undisclosed,Active roster,08/07/20,,08/09/20,Activated
Greg Bird,TEX,1B,Aug '20,Strained calf,Player Pool,08/01/20,08/11/20,08/11/20,Activated
Joey Votto,CIN,1B,08/02/20,Illness,Active roster,08/02/20,,08/03/20,Activated
Glenn Sparkman,KCR,RP,08/02/20,Strained forearm,45-Day IL,08/03/20,09/17/20,09/28/20,No timetable for return
Cam Bedrosian,LAA,RP,08/02/20,Strained adductor,Active roster,08/03/20,08/13/20,08/31/20,Activated
Ryan Braun,MIL,1B/OF,08/02/20,Finger infection,Active roster,07/30/20,08/09/20,08/11/20,Activated
Kendall Graveman,SEA,SP,08/02/20,Benign bone tumor in spine,Active roster,08/03/20,08/13/20,09/01/20,Activated
Yonny Chirinos,TBR,SP,08/02/20,Triceps inflammation,,08/03/20,08/13/20,08/16/20,Activated
Carlos Rodón,CHW,SP,08/03/20,Shoulder soreness,Active roster,08/04/20,09/18/20,09/24/20,Activated
Chi Chi González,COL,SP,08/03/20,Biceps tendinitis,Active roster,08/04/20,08/14/20,08/29/20,Activated
Robinson Canó,NYM,2B,08/03/20,Strained adductor,Active roster,08/04/20,08/14/20,08/14/20,Activated
Nick Burdi,PIT,RP,08/03/20,Elbow discomfort,45-Day IL,08/04/20,09/18/20,09/28/20,No timetable for return
Matt Adams,ATL,1B,08/04/20,Strained hamstring,Released,08/05/20,08/15/20,08/17/20,Activated
Nick Madrigal,CHW,2B,08/04/20,Shoulder separation,Active roster,08/05/20,08/15/20,08/28/20,Activated
Mike Moustakas,CIN,2B,08/04/20,Quad contusion,Active roster,08/06/20,08/16/20,08/19/20,Activated
Tommy Kahnle,NYY,RP,08/04/20,Tommy John surgery,45-Day IL,07/28/20,09/11/20,09/28/20,Out for 2020 season
Joe Musgrove,PIT,SP,08/04/20,Triceps inflammation,Active roster,08/08/20,08/18/20,09/02/20,Activated
Harold Ramírez,MIA,OF,08/05/20,Strained hamstring,45-Day IL,08/06/20,09/20/20,09/28/20,Out for 2020 season
Kyle Higashioka,NYY,C,08/05/20,Strained oblique,Active roster,08/06/20,08/16/20,09/01/20,Activated
Carl Edwards Jr.,SEA,RP,08/05/20,Strained forearm,45-Day IL,08/07/20,09/21/20,09/28/20,No timetable for return
Austin Hays,BAL,OF,08/06/20,Non-displaced rib fracture,Active roster,08/15/20,08/25/20,09/14/20,Activated
Reggie McClain,PHI,RP,08/06/20,Shoulder impingement,Player Pool,08/03/20,08/13/20,08/20/20,Activated
Trent Thornton,TOR,SP,08/06/20,Elbow inflammation,,08/03/20,08/13/20,08/20/20,Activated
Chris Martin,ATL,RP,08/07/20,Esophageal constriction,Active roster,08/06/20,08/16/20,08/20/20,Activated
Michael Soroka,ATL,SP,08/07/20,Achilles' tendon surgery,45-Day IL,08/04/20,09/18/20,09/28/20,Out for 2020 season
Aaron Bummer,CHW,RP,08/07/20,Strained biceps,Active roster,08/08/20,09/22/20,09/24/20,Activated
Pedro Strop,CIN,RP,08/07/20,Strained groin,Player Pool,08/08/20,08/18/20,08/26/20,Activated
Nick Heath,KCR,OF,08/07/20,Strained hamstring,Active roster,08/08/20,08/18/20,08/31/20,Activated
Richard Bleier,MIA,RP,08/07/20,Strained triceps,Active roster,08/08/20,08/18/20,08/21/20,Activated
Michael Wacha,NYM,SP,08/07/20,Shoulder inflammation,Active roster,08/08/20,08/18/20,08/27/20,Activated
Jeff Samardzija,SFG,SP,08/07/20,Shoulder impingement,Active roster,08/08/20,08/18/20,09/25/20,Activated
Joe Palumbo,TEX,RP,08/07/20,Ulcerative colitis,45-Day IL,08/04/20,09/18/20,09/28/20,No timetable for return
Franchy Cordero,KCR,OF,08/08/20,Sprained wrist,Active roster,08/09/20,09/23/20,09/23/20,Activated
Joe Kelly,LAD,RP,08/08/20,Shoulder inflammation,Active roster,08/09/20,08/19/20,09/10/20,Activated
Giancarlo Stanton,NYY,OF,08/08/20,Strained hamstring,Active roster,08/09/20,08/19/20,09/15/20,Activated
Phillip Evans,PIT,INF/OF,08/08/20,Concussion/fractured jaw,45-Day IL,08/09/20,09/23/20,09/28/20,No timetable for return
Oliver Drake,TBR,RP,08/08/20,Biceps tendinitis,Active roster,08/09/20,08/19/20,09/15/20,Activated
Madison Bumgarner,ARI,SP,08/09/20,Strained back,Active roster,08/10/20,08/20/20,09/05/20,Activated
Buck Farmer,DET,RP,08/09/20,Strained groin,Active roster,08/10/20,08/20/20,08/20/20,Activated
Charlie Morton,TBR,SP,08/09/20,Shoulder inflammation,Active roster,08/10/20,08/20/20,09/02/20,Activated
Ronald Acuña Jr.,ATL,OF,08/10/20,Wrist inflammation,Active roster,08/12/20,08/22/20,08/25/20,Activated
Jorge López,BAL,RP,08/10/20,COVID-19 protocol,Active roster,08/10/20,,08/15/20,Activated
Leury García,CHW,INF/OF,08/10/20,Sprained thumb,Active roster,08/11/20,09/25/20,09/29/20,Activated
C.J. Cron,DET,1B,08/10/20,Sprained knee,45-Day IL,08/11/20,09/25/20,09/28/20,Out for 2020 season
Robinson Chirinos,TEX,C,08/10/20,Ankle soreness,Active roster,08/11/20,08/21/20,08/24/20,Activated
Sean Doolittle,WSN,RP,08/10/20,Knee inflammation,,08/11/20,08/21/20,08/26/20,Activated
Jeremy Beasley,ARI,RP,08/11/20,Strained shoulder,45-Day IL,08/13/20,09/27/20,09/28/20,Out for 2020 season
Jose Iglesias,BAL,SS,08/11/20,Strained quad,Active roster,08/16/20,08/26/20,08/27/20,Activated
John Means,BAL,SP,08/11/20,COVID-19 protocol,Active roster,08/11/20,,08/15/20,Activated
Andrew Benintendi,BOS,OF,08/11/20,Strained rib cage,45-Day IL,08/12/20,09/26/20,09/28/20,Out for 2020 season
Ian Hamilton,CHW,RP,08/11/20,Shoulder soreness,Player Pool,08/12/20,08/22/20,08/22/20,Activated
Michael Brantley,HOU,OF,08/11/20,Strained quad,Active roster,08/12/20,08/22/20,08/22/20,Activated
Foster Griffin,KCR,RP,08/11/20,Tommy John surgery,45-Day IL,07/28/20,09/11/20,09/28/20,No timetable for return
Cody Stashak,MIN,RP,08/11/20,Lower back inflammation,Active roster,08/12/20,08/22/20,09/07/20,Activated
Aaron Judge,NYY,OF,08/11/20,Strained calf,,08/12/20,08/22/20,08/25/20,Activated
Adam Haseley,PHI,OF,08/11/20,Sprained wrist,Active roster,08/12/20,08/22/20,08/22/20,Activated
Andrew Kittredge,TBR,RP,08/11/20,Sprained elbow,45-Day IL,08/12/20,09/26/20,09/28/20,No timetable for return
Edinson Volquez,TEX,RP,08/11/20,Strained oblique,45-Day IL,08/12/20,09/26/20,09/28/20,No timetable for return
Nick Goody,TEX,RP,08/11/20,Back spasms,Active roster,08/12/20,08/22/20,08/26/20,Activated
Luke Farrell,TEX,RP,08/11/20,COVID-19 protocol,Player Pool,08/11/20,,09/01/20,Activated
Will Smith,LAD,C,08/12/20,Neck inflammation,Active roster,08/13/20,08/23/20,08/23/20,Activated
Justin Grimm,MIL,RP,08/12/20,Blister on right hand,Released,08/13/20,08/23/20,08/27/20,Activated
Brett Martin,TEX,RP,08/12/20,Rotator cuff inflammation,Active roster,08/13/20,08/23/20,09/01/20,Activated
Mike Morin,MIA,RP,08/13/20,Elbow discomfort,10-Day IL,08/14/20,08/24/20,09/28/20,No timetable for return
David Peterson,NYM,SP,08/13/20,Shoulder fatigue,Active roster,08/15/20,08/25/20,08/28/20,Activated
Nick Senzel,CIN,OF,08/14/20,Undisclosed,Active roster,08/19/20,,09/14/20,Activated
Iván Nova,DET,SP,08/14/20,Triceps tendinitis,45-Day IL,08/15/20,09/29/20,09/28/20,Out for 2020 season
Nestor Cortes,SEA,RP,08/14/20,Elbow impingement,45-Day IL,08/15/20,09/29/20,09/28/20,Out for 2020 season
José Alvarado,TBR,RP,08/14/20,Shoulder inflammation,Active roster,08/15/20,09/29/20,10/11/20,Activated
Tyler Chatwood,CHC,SP,08/15/20,Back tightness,,08/13/20,08/23/20,08/25/20,Activated
Jakob Junis,KCR,SP,08/15/20,Back spasms,,08/13/20,08/23/20,08/26/20,Activated
DJ LeMahieu,NYY,2B,08/15/20,Sprained thumb,Active roster,08/16/20,08/26/20,08/29/20,Activated
Burch Smith,OAK,RP,08/15/20,Strained forearm,45-Day IL,08/16/20,09/30/20,09/28/20,Out for 2020 season
Francisco Mejía,SDP,C,08/15/20,Thumb contusion,Active roster,08/16/20,08/26/20,09/16/20,Activated
Bo Bichette,TOR,SS,08/15/20,Strained knee,Active roster,08/16/20,08/26/20,09/12/20,Activated
Steven Souza Jr.,CHC,OF,08/16/20,Strained hamstring,Active roster,08/17/20,08/27/20,09/01/20,Activated
Salvador Perez,KCR,C,08/16/20,Eye central serous chorioretinopathy,Active roster,08/18/20,08/28/20,09/11/20,Activated
Edwin Ríos,LAD,INF/OF,08/16/20,Strained hamstring,Active roster,08/17/20,08/27/20,09/01/20,Activated
Brian Moran,MIA,RP,08/16/20,Patellar tendinitis,45-Day IL,08/17/20,10/01/20,09/28/20,Out for 2020 season
Roman Quinn,PHI,OF,08/16/20,COVID-19 protocol,,08/16/20,,08/18/20,Activated
Tommy Pham,SDP,OF,08/16/20,Fractured hamate,Active roster,08/17/20,08/27/20,09/18/20,Activated
Erik Swanson,SEA,RP,08/16/20,Strained forearm,Active roster,08/17/20,08/27/20,09/14/20,Activated
Elvis Andrus,TEX,SS,08/16/20,Strained lower back,Active roster,08/20/20,08/30/20,08/31/20,Activated
Christian Arroyo,BOS,INF,08/17/20,COVID-19 protocol,Active roster,08/17/20,,08/19/20,Activated
Kris Bryant,CHC,3B/OF,08/17/20,Sprained finger,Active roster,08/19/20,08/29/20,09/01/20,Activated
Andrew Chafin,CHC,RP,08/17/20,Sprained finger,Active roster,08/18/20,08/28/20,09/19/20,Activated
Adam Engel,CHW,OF,08/17/20,COVID-19 protocol,Active roster,08/17/20,,08/19/20,Activated
David Dahl,COL,OF,08/17/20,Lower back soreness,,08/18/20,08/28/20,09/09/20,Activated
Nick Markakis,ATL,OF,08/18/20,COVID-19 protocol,Active roster,08/18/20,,08/25/20,Activated
Harold Castro,DET,INF/OF,08/18/20,Strained hamstring,Active roster,08/19/20,08/29/20,09/18/20,Activated
Pat Venditte,MIA,RP,08/18/20,Strained oblique,45-Day IL,08/19/20,10/03/20,09/28/20,Out for 2020 season
Yacksel Ríos,PIT,RP,08/18/20,Shoulder inflammation,10-Day IL,08/15/20,08/25/20,09/28/20,No timetable for return
Drew Pomeranz,SDP,RP,08/18/20,Strained shoulder,Active roster,08/19/20,08/29/20,08/29/20,Activated
Nate Pearson,TOR,SP,08/18/20,Strained flexor,Active roster,08/19/20,08/29/20,09/24/20,Activated
Chris Owings,COL,INF/OF,08/19/20,Strained hamstring,10-Day IL,08/20/20,08/30/20,09/28/20,No timetable for return
Alex Bregman,HOU,3B,08/19/20,Strained hamstring,Active roster,08/20/20,08/30/20,09/08/20,Activated
Pedro Báez,LAD,RP,08/19/20,Strained groin,Active roster,08/20/20,08/30/20,09/12/20,Activated
Corey Knebel,MIL,RP,08/19/20,Strained hamstring,Active roster,08/20/20,08/30/20,08/31/20,Activated
Byron Buxton,MIN,OF,08/19/20,Shoulder inflammation,Active roster,08/20/20,08/30/20,09/01/20,Activated
Mitch Garver,MIN,C,08/19/20,Strained intercostal,Active roster,08/20/20,08/30/20,09/18/20,Activated
Zack Britton,NYY,RP,08/19/20,Strained hamstring,Active roster,08/20/20,08/30/20,09/01/20,Activated
Kirby Yates,SDP,RP,08/19/20,Elbow surgery (bone chips),45-Day IL,08/15/20,09/29/20,09/28/20,Out for 2020 season
Matt Wieters,STL,C,08/19/20,Toe contusion,Active roster,08/20/20,08/30/20,09/04/20,Activated
Chaz Roe,TBR,RP,08/19/20,Elbow soreness,45-Day IL,08/20/20,10/04/20,09/28/20,Out for 2020 season
Nick Anderson,TBR,RP,08/19/20,Forearm inflammation,Active roster,08/20/20,08/30/20,09/04/20,Activated
Willie Calhoun,TEX,OF,08/19/20,Strained hamstring,Active roster,08/20/20,08/30/20,09/15/20,Activated
Sam Freeman,WSN,RP,08/19/20,Tommy John surgery,45-Day IL,08/13/20,09/27/20,09/28/20,Out for 2020 season
Joe Harvey,COL,RP,08/20/20,Sprained elbow,45-Day IL,08/21/20,10/05/20,09/28/20,No timetable for return
Josh James,HOU,RP,08/20/20,Hip discomfort,,08/21/20,08/31/20,09/09/20,Activated
Max Stassi,LAA,C,08/20/20,Strained quad/knee contusion,Active roster,08/21/20,08/31/20,09/06/20,Activated
Luis Avilán,NYY,RP,08/20/20,Shoulder inflammation,Player Pool,08/22/20,09/01/20,08/28/20,Activated
James Paxton,NYY,SP,08/20/20,Strained flexor,45-Day IL,08/21/20,10/05/20,09/28/20,No timetable for return
Gleyber Torres,NYY,SS,08/20/20,Strained hamstring/quad,Active roster,08/21/20,08/31/20,09/05/20,Activated
Jay Bruce,PHI,OF,08/20/20,Strained quad,,08/21/20,08/31/20,08/31/20,Activated
Jose Alvarez,PHI,RP,08/20/20,Testicular contusion,45-Day IL,08/21/20,10/05/20,09/28/20,Out for 2020 season
Taylor Guilbeau,SEA,RP,08/20/20,Strained shoulder,45-Day IL,08/21/20,10/05/20,09/28/20,Out for 2020 season
Dylan Moore,SEA,INF/OF,08/20/20,Sprained wrist,Active roster,08/21/20,08/31/20,09/04/20,Activated
Walker Buehler,LAD,SP,08/21/20,Blister on hand,,08/23/20,09/02/20,09/02/20,Activated
Stephen Tarpley,MIA,RP,08/21/20,Strained oblique,Active roster,08/22/20,09/01/20,09/23/20,Activated
Jake Odorizzi,MIN,SP,08/21/20,Chest contusion,,08/22/20,09/01/20,09/16/20,Activated
Zack Littell,MIN,RP,08/21/20,Elbow inflammation,Active roster,08/22/20,09/01/20,09/06/20,Activated
Tomás Nido,NYM,C,08/21/20,Undisclosed,10-Day IL,08/25/20,,09/28/20,No timetable for return
Andrés Giménez,NYM,INF,08/21/20,Undisclosed,,08/25/20,,08/28/20,Activated
Keone Kela,PIT,RP,08/21/20,Forearm tightness,10-Day IL,08/24/20,09/03/20,09/28/20,Out for 2020 season
Austin Slater,SFG,OF,08/21/20,Strained groin,Active roster,08/22/20,09/01/20,09/05/20,Activated
Matt Shoemaker,TOR,SP,08/21/20,Strained lat,Active roster,08/22/20,09/01/20,09/21/20,Activated
Starlin Castro,WSN,2B,08/21/20,Wrist surgery,45-Day IL,08/15/20,09/29/20,09/28/20,Out for 2020 season
Francisco Cervelli,MIA,C,08/22/20,Concussion,45-Day IL,08/23/20,10/07/20,09/28/20,Out for 2020 season
Jesse Chavez,TEX,RP,08/22/20,Sprained toe,Active roster,08/23/20,09/02/20,09/06/20,Activated
Seth Romero,WSN,RP,08/22/20,Fractured hand (non-throwing),10-Day IL,08/23/20,09/02/20,09/28/20,No timetable for return
Wade LeBlanc,BAL,SP,08/23/20,Elbow stress reaction,45-Day IL,08/24/20,10/08/20,09/28/20,Out for 2020 season
Magneuris Sierra,MIA,OF,08/23/20,Strained hamstring,Active roster,08/24/20,09/03/20,09/24/20,Activated
Colin Moran,PIT,3B/1B,08/23/20,Concussion,Active roster,08/24/20,08/31/20,08/31/20,Activated
Andrew Miller,STL,RP,08/23/20,Shoulder fatigue,Active roster,08/24/20,09/03/20,09/05/20,Activated
Logan Forsythe,MIA,INF,08/25/20,Strained oblique,45-Day IL,08/26/20,10/10/20,09/28/20,Out for 2020 season
Corey Oswalt,NYM,RP,08/25/20,Biceps tendinitis,Active roster,08/26/20,09/05/20,09/19/20,Activated
Mike Zunino,TBR,C,08/25/20,Strained oblique,Active roster,08/26/20,09/05/20,09/20/20,Activated
Yonny Chirinos,TBR,SP,08/25/20,Tommy John surgery,45-Day IL,08/17/20,10/01/20,09/28/20,Out for 2020 season
Rougned Odor,TEX,2B,08/25/20,Eye infection,Active roster,08/28/20,09/07/20,09/09/20,Activated
Yordan Alvarez,HOU,DH,08/26/20,Arthroscopic knee surgery,45-Day IL,08/16/20,09/30/20,09/28/20,Out for 2020 season
Aaron Judge,NYY,OF,08/26/20,Strained calf,Active roster,08/27/20,09/06/20,09/16/20,Activated
Stephen Strasburg,WSN,SP,08/26/20,Carpal tunnel syndrome surgery,45-Day IL,08/15/20,09/29/20,09/28/20,Out for 2020 season
Wade Miley,CIN,SP,08/27/20,Strained shoulder,Active roster,08/28/20,09/07/20,09/23/20,Activated
Jesse Biddle,CIN,RP,08/27/20,Shoulder discomfort,10-Day IL,08/28/20,09/07/20,09/28/20,No timetable for return
Austin Davis,PIT,RP,08/27/20,Undisclosed,10-Day IL,08/27/20,,09/11/20,No timetable for return
Taylor Widener,ARI,RP,08/28/20,Strained rib cage,Active roster,08/29/20,09/08/20,09/20/20,Activated
Justin Turner,LAD,3B,08/28/20,Strained hamstring,Active roster,08/29/20,09/08/20,09/15/20,Activated
Ricardo Sánchez,STL,RP,08/28/20,Elbow discomfort,45-Day IL,08/29/20,10/13/20,09/28/20,No timetable for return
Brett Phillips,TBR,OF,08/28/20,COVID-19 protocol,Active roster,08/28/20,,09/04/20,Activated
Ryan Yarbrough,TBR,SP,08/28/20,Strained groin,Active roster,08/29/20,10/13/20,09/08/20,Activated
Jordan Romano,TOR,RP,08/28/20,Finger discomfort,10-Day IL,08/29/20,09/08/20,09/28/20,No timetable for return
Shawn Armstrong,BAL,RP,08/29/20,SI joint inflammation,Active roster,08/26/20,09/05/20,09/22/20,Activated
Nathan Eovaldi,BOS,SP,08/29/20,Strained calf,Active roster,08/26/20,09/05/20,09/12/20,Activated
Kyle Hart,BOS,SP,08/29/20,Hip impingement,45-Day IL,09/02/20,10/17/20,09/28/20,Out for 2020 season
Darwinzon Hernández,BOS,RP,08/29/20,Sprained SC joint,Active roster,08/30/20,09/09/20,09/18/20,Activated
Gio González,CHW,SP/RP,08/29/20,Strained groin,Active roster,08/27/20,09/06/20,09/08/20,Activated
Brendan Rodgers,COL,INF,08/29/20,Strained shoulder,10-Day IL,08/30/20,09/09/20,09/28/20,No timetable for return
Ian Kennedy,KCR,RP,08/29/20,Strained calf,Active roster,08/30/20,09/09/20,09/25/20,Activated
Hoby Milner,LAA,RP,08/29/20,Back spasms,Active roster,08/26/20,09/05/20,09/08/20,Activated
Franklin Barreto,LAA,INF,08/29/20,COVID-19 protocol,,08/29/20,,09/02/20,Activated
Dellin Betances,NYM,RP,08/29/20,Lat tightness,Active roster,08/30/20,09/09/20,09/23/20,Activated
Steven Matz,NYM,SP/RP,08/29/20,Shoulder bursitis,Active roster,08/30/20,09/09/20,09/13/20,Activated
Luis Perdomo,SDP,RP,08/29/20,Forearm inflammation,Active roster,09/01/20,09/11/20,09/11/20,Activated
Adrian Morejon,SDP,SP,08/29/20,COVID-19 protocol,Active roster,08/26/20,,08/31/20,Activated
Jose Quintana,CHC,SP,08/30/20,Strained lat,Active roster,08/31/20,09/10/20,09/22/20,Activated
Tyler Chatwood,CHC,SP,08/30/20,Strained forearm,10-Day IL,08/31/20,09/10/20,09/28/20,No timetable for return
David Fletcher,LAA,INF/OF,08/30/20,Sprained ankle,Active roster,08/31/20,09/10/20,09/12/20,Activated
Daniel Mengden,OAK,SP/RP,08/30/20,COVID-19,Designated for assignment,09/03/20,,09/20/20,Activated
Adam Morgan,PHI,RP,08/30/20,Shoulder fatigue,Active roster,08/31/20,09/10/20,09/11/20,Activated
Scott Kingery,PHI,INF/OF,08/30/20,Back spasms,Active roster,08/31/20,09/10/20,09/14/20,Activated
Emilio Pagán,SDP,RP,08/30/20,Biceps inflammation,Active roster,08/31/20,09/10/20,09/10/20,Activated
Joey Rickard,SFG,OF,08/30/20,Elbow inflammation,45-Day IL,08/31/20,10/15/20,09/28/20,Out for 2020 season
Colten Brewer,BOS,SP/RP,08/31/20,Strained finger,45-Day IL,09/01/20,10/16/20,09/28/20,Out for 2020 season
Yandy Díaz,TBR,1B/3B,08/31/20,Strained hamstring,Active roster,09/01/20,09/11/20,09/28/20,Activated
Manuel Rodríguez,CHC,RP,Sep'20,Strained biceps,45-Day IL,09/25/20,11/09/20,09/28/20,Out for 2020 season
Matt Bowman,CIN,RP,09/01/20,Tommy John surgery,45-Day IL,07/20/20,09/03/20,09/28/20,Out for 2020 season
Jefry Rodriguez,CLE,SP,Sep'20,Strained shoulder,45-Day IL,09/09/20,10/24/20,09/28/20,Out for 2020 season
Jon Gray,COL,SP,09/01/20,Shoulder inflammation,10-Day IL,09/02/20,09/12/20,09/28/20,Out for 2020 season
Scott Oberg,COL,RP,Sep'20,Thoracic outlet syndrome surgery,45-Day IL,07/20/20,09/03/20,09/28/20,Out for 2020 season
Niko Goodrum,DET,SS,09/01/20,Strained oblique,Active roster,09/02/20,09/12/20,09/15/20,Activated
JaCoby Jones,DET,OF,09/01/20,Fractured hand,45-Day IL,09/02/20,10/17/20,09/28/20,Out for 2020 season
Elieser Hernández,MIA,SP,09/01/20,Strained lat,45-Day IL,09/02/20,10/17/20,09/28/20,Out for 2020 season
Manny Piña,MIL,C,09/01/20,Knee surgery (torn meniscus),10-Day IL,08/28/20,09/07/20,09/28/20,No timetable for return
Franklyn Kilome,NYM,RP,09/01/20,Split fingernail,Active roster,09/02/20,09/12/20,09/18/20,Activated
Ben Heller,NYY,RP,Sep'20,Biceps nerve injury,45-Day IL,09/22/20,11/06/20,09/28/20,Out for 2020 season
Yadiel Rivera,TEX,INF/OF,09/01/20,Torn elbow ligament,10-Day IL,09/04/20,09/14/20,09/28/20,Out for 2020 season
Trent Thornton,TOR,SP,09/01/20,Elbow surgery (loose bodies),45-Day IL,08/24/20,10/08/20,09/28/20,Out for 2020 season
Javy Guerra,WSN,RP,09/01/20,Strained hamstring,10-Day IL,09/02/20,09/12/20,09/28/20,No timetable for return
Jace Fry,CHW,RP,09/02/20,Back spasms,Active roster,09/03/20,09/13/20,09/15/20,Activated
Austin Pruitt,HOU,SP/RP,09/02/20,Elbow surgery (hairline fracture),45-Day IL,07/20/20,09/03/20,09/28/20,Out for 2020 season
Max Kepler,MIN,OF,09/02/20,Strained groin,Active roster,09/04/20,09/14/20,09/13/20,Activated
Wil Myers,SDP,OF,09/02/20,Undisclosed,Active roster,09/02/20,,09/03/20,Activated
Dexter Fowler,STL,OF,09/02/20,COVID-19 protocol,Active roster,09/02/20,,09/21/20,Activated
Jalen Beeks,TBR,RP,09/02/20,Tommy John surgery,45-Day IL,08/26/20,10/10/20,09/28/20,Out for 2020 season
Jose Altuve,HOU,2B,09/03/20,Sprained knee,Active roster,09/04/20,09/14/20,09/15/20,Activated
Gio Urshela,NYY,3B,09/03/20,Elbow bone spur,Active roster,09/04/20,09/14/20,09/15/20,Activated
Alex Cobb,BAL,SP,09/04/20,Undisclosed,Active roster,09/04/20,,09/11/20,Activated
Anthony Santander,BAL,OF,09/04/20,Strained oblique,10-Day IL,09/05/20,09/15/20,09/28/20,No timetable for return
Zack Godley,BOS,SP,09/04/20,Strained flexor,45-Day IL,09/07/20,10/22/20,09/28/20,Out for 2020 season
Lance McCullers Jr.,HOU,SP,09/04/20,Neck nerve irritation,Active roster,09/05/20,09/15/20,09/16/20,Activated
Alex Avila,MIN,C,09/04/20,Lower back tightness,Active roster,09/05/20,09/15/20,09/16/20,Activated
Jonathan Loáisiga,NYY,RP,09/04/20,Undisclosed medical condition,Active roster,09/02/20,09/12/20,09/15/20,Activated
Luis Campusano,SDP,C,09/04/20,Sprained wrist,Active roster,09/06/20,09/16/20,09/30/20,Activated
Sam Haggerty,SEA,INF/OF,09/04/20,Strained forearm,10-Day IL,09/05/20,09/15/20,09/28/20,No timetable for return
Max Fried,ATL,SP,09/05/20,Lumbar spasm,Active roster,09/06/20,09/16/20,09/17/20,Activated
Josh Taylor,BOS,RP,09/05/20,Shoulder tendinitis,10-Day IL,09/08/20,09/18/20,09/28/20,No timetable for return
Blake Taylor,HOU,RP,09/05/20,Elbow soreness,Active roster,09/06/20,09/16/20,09/18/20,Activated
Jorge Soler,KCR,OF,09/05/20,Strained oblique,,09/06/20,09/16/20,09/21/20,Activated
Brandon Leibrandt,MIA,RP,09/05/20,Elbow ulnar neuritis,45-Day IL,09/06/20,10/21/20,09/28/20,Out for 2020 season
Jay Bruce,PHI,OF,09/05/20,Strained quad,Active roster,09/06/20,09/16/20,09/18/20,Activated
Roman Quinn,PHI,OF,09/05/20,Concussion,Active roster,09/06/20,09/13/20,09/15/20,Activated
Anthony Alford,PIT,OF,09/05/20,Fractured elbow,45-Day IL,09/06/20,10/21/20,09/28/20,Out for 2020 season
Kwang Hyun Kim,STL,SP,09/05/20,Kidney ailment,Active roster,09/02/20,09/12/20,09/14/20,Activated
Cody Reed,TBR,RP,09/05/20,Finger discomfort,45-Day IL,09/07/20,10/22/20,09/28/20,Out for 2020 season
Joely Rodríguez,TEX,RP,09/05/20,Strained hamstring,10-Day IL,09/06/20,09/16/20,09/28/20,Out for 2020 season
Teoscar Hernández,TOR,OF,09/05/20,Strained oblique,Active roster,09/06/20,09/16/20,09/16/20,Activated
Howie Kendrick,WSN,INF,09/05/20,Strained hamstring,10-Day IL,09/06/20,09/16/20,09/28/20,No timetable for return
Dallas Keuchel,CHW,SP,09/06/20,Back spasms,Active roster,09/07/20,09/17/20,09/19/20,Activated
Wilmer Font,TOR,RP,09/06/20,Shin contusion,Active roster,09/07/20,09/17/20,09/17/20,Activated
Dakota Bacus,WSN,RP,09/06/20,Strained flexor,10-Day IL,09/07/20,09/17/20,09/28/20,Out for 2020 season
Jon Berti,MIA,INF/OF,09/07/20,Finger laceration,Active roster,09/08/20,09/18/20,09/20/20,Activated
Eric Hosmer,SDP,1B,09/07/20,Fractured finger,Active roster,09/08/20,09/18/20,09/19/20,Activated
Shin-Soo Choo,TEX,OF,09/07/20,Sprained hand,Active roster,09/08/20,09/18/20,09/27/20,Activated
Ketel Marte,ARI,2B,09/08/20,Wrist inflammation,Active roster,09/09/20,09/19/20,09/22/20,Activated
Austin Brice,BOS,RP,09/08/20,Strained lat,10-Day IL,09/09/20,09/19/20,09/28/20,No timetable for return
Walker Buehler,LAD,SP,09/08/20,Blister on hand,Active roster,09/09/20,09/19/20,09/24/20,Activated
Luis Arraez,MIN,2B,09/08/20,Knee tendinitis,Active roster,09/09/20,09/19/20,09/26/20,Activated
Robert Gsellman,NYM,RP,09/08/20,Fractured rib,45-Day IL,09/09/20,10/24/20,09/28/20,Out for 2020 season
Rowdy Tellez,TOR,1B,09/08/20,Strained knee,Active roster,09/09/20,09/19/20,09/28/20,Activated
Merrill Kelly,ARI,SP,09/09/20,Thoracic outlet syndrome surgery,45-Day IL,08/21/20,10/05/20,09/28/20,Out for 2020 season
Tommy Milone,ATL,SP,09/09/20,Elbow inflammation,Released,09/10/20,09/20/20,09/30/20,Activated
Tyler Bashlor,PIT,RP,09/09/20,Lower back inflammation,10-Day IL,09/10/20,09/20/20,09/28/20,No timetable for return
Trevor Gott,SFG,RP,09/09/20,Elbow inflammation,10-Day IL,09/10/20,09/20/20,09/28/20,No timetable for return
Danny Santana,TEX,INF/OF,09/09/20,Elbow surgery,10-Day IL,08/27/20,09/06/20,09/28/20,Out for 2020 season
Jose Trevino,TEX,C,09/09/20,Wrist impingement,10-Day IL,09/10/20,09/20/20,09/28/20,No timetable for return
Sonny Gray,CIN,SP,09/10/20,Strained back,Active roster,09/11/20,09/21/20,09/22/20,No timetable for return
Matt Strahm,SDP,RP,09/10/20,Knee inflammation,Active roster,09/11/20,09/21/20,09/22/20,Activated
Giovanny Gallegos,STL,RP,09/10/20,Strained groin,Active roster,09/11/20,09/21/20,09/21/20,Activated
Johan Oviedo,STL,SP,09/10/20,COVID-19 protocol,Active roster,09/10/20,,09/16/20,Activated
Sean Doolittle,WSN,RP,09/10/20,Strained oblique,10-Day IL,09/11/20,09/21/20,09/28/20,No timetable for return
Tanner Rainey,WSN,RP,09/10/20,Strained flexor,10-Day IL,09/12/20,09/22/20,09/28/20,No timetable for return
Chris Davis,BAL,1B,09/11/20,Patellar tendinitis,10-Day IL,09/12/20,09/22/20,09/28/20,Out for 2020 season
Andrew Triggs,BOS,RP,09/11/20,Radial nerve irritation,Active roster,09/12/20,09/22/20,09/26/20,Activated
Jonathan Schoop,DET,2B,09/12/20,Sprained wrist,45-Day IL,09/13/20,10/28/20,09/28/20,Out for 2020 season
Brent Rooker,MIN,OF/1B,09/12/20,Fractured forearm,10-Day IL,09/13/20,09/23/20,09/28/20,Out for 2020 season
Chad Pinder,OAK,INF/OF,09/12/20,Strained hamstring,Active roster,09/13/20,09/23/20,09/27/20,Activated
Rhys Hoskins,PHI,1B,09/12/20,Strained elbow,10-Day IL,09/13/20,09/23/20,09/28/20,No timetable for return
Spencer Howard,PHI,SP,09/12/20,Shoulder tightness,Active roster,09/13/20,09/23/20,09/24/20,Activated
Kyle Crick,PIT,RP,09/12/20,Strained lat,10-Day IL,09/13/20,09/23/20,09/28/20,No timetable for return
Ji Man Choi,TBR,1B,09/12/20,Strained hamstring,Active roster,09/13/20,09/23/20,09/28/20,Activated
Elvis Andrus,TEX,SS,09/12/20,Strained back,10-Day IL,09/13/20,09/23/20,09/28/20,Out for 2020 season
Javy Guerra,SDP,RP,09/13/20,TBD,10-Day IL,09/10/20,09/20/20,09/28/20,No timetable for return
Austin Dean,STL,OF/1B,09/13/20,Strained elbow,Active roster,09/14/20,09/24/20,09/27/20,Activated
Evan Marshall,CHW,RP,09/14/20,Shoulder inflammation,Active roster,09/15/20,09/25/20,09/25/20,Activated
Isan Díaz,MIA,2B,09/14/20,Strained groin,45-Day IL,09/15/20,10/30/20,09/28/20,Out for 2020 season
Chris Devenski,HOU,RP,09/15/20,Arthroscopic elbow surgery,10-Day IL,09/07/20,09/17/20,09/28/20,No timetable for return
Matt Harvey,KCR,RP,09/15/20,Strained lat,45-Day IL,09/16/20,10/31/20,09/28/20,Out for 2020 season
Matt Chapman,OAK,3B,09/15/20,Hip surgery,10-Day IL,09/09/20,09/19/20,09/28/20,Out for 2020 season
Jake Arrieta,PHI,SP,09/15/20,Strained hamstring,10-Day IL,09/16/20,09/26/20,09/28/20,No timetable for return
Kyle Garlick,PHI,OF,09/15/20,Strained oblique,10-Day IL,09/16/20,09/26/20,09/28/20,No timetable for return
Matt Magill,SEA,RP,09/15/20,Arthroscopic shoulder surgery,45-Day IL,08/28/20,10/12/20,09/28/20,Out for 2020 season
Derek Fisher,TOR,OF,09/15/20,Knee contusion,10-Day IL,09/16/20,09/26/20,09/28/20,No timetable for return
Cole Hamels,ATL,SP,09/16/20,Shoulder fatigue,45-Day IL,09/18/20,11/02/20,09/28/20,Out for 2020 season
Rowan Wick,CHC,RP,09/16/20,Strained oblique,10-Day IL,09/17/20,09/27/20,09/28/20,No timetable for return
Jake Odorizzi,MIN,SP,09/16/20,Blister on finger,Active roster,09/17/20,09/27/20,09/28/20,Activated
A.J. Puk,OAK,SP,09/16/20,Shoulder surgery,45-Day IL,07/20/20,09/03/20,09/28/20,Out for 2020 season
Cole Tucker,PIT,INF/OF,09/16/20,Concussion,7-Day IL,09/17/20,09/24/20,09/28/20,Out for 2020 season
Jacob Waguespack,TOR,SP,09/16/20,Strained back,10-Day IL,09/17/20,09/27/20,09/28/20,No timetable for return
Adam Eaton,WSN,OF,09/16/20,Fractured finger,10-Day IL,09/17/20,09/27/20,09/28/20,Out for 2020 season
Yairo Muñoz,BOS,INF/OF,09/17/20,Strained lower back,10-Day IL,09/18/20,09/28/20,09/28/20,Out for 2020 season
Austin Meadows,TBR,OF,09/17/20,Strained oblique,Active roster,09/18/20,09/28/20,10/05/20,Activated
Julian Merryweather,TOR,RP,09/17/20,Elbow tendinitis,10-Day IL,09/18/20,09/28/20,09/28/20,No timetable for return
Ben Gamel,MIL,OF,09/18/20,Strained quad,Active roster,09/19/20,09/29/20,09/30/20,Activated
Jake Marisnick,NYM,OF,09/18/20,Strained hamstring,10-Day IL,09/19/20,09/29/20,09/28/20,Out for 2020 season
Jason Martin,PIT,OF,09/18/20,Strained back,10-Day IL,09/19/20,09/29/20,09/28/20,Out for 2020 season
Aaron Barrett,WSN,RP,09/18/20,Strained triceps,10-Day IL,09/19/20,09/29/20,09/28/20,Out for 2020 season
Ildemaro Vargas,CHC,INF/OF,09/19/20,Strained hamstring,Active roster,09/20/20,09/30/20,09/30/20,Activated
Nolan Arenado,COL,3B,09/19/20,Shoulder discomfort,10-Day IL,09/20/20,09/30/20,09/28/20,Out for 2020 season
Kevin Newman,PIT,INF,09/19/20,Knee contusion,10-Day IL,09/20/20,09/30/20,09/28/20,Out for 2020 season
Dillon Tate,BAL,RP,09/20/20,Sprained finger,10-Day IL,09/21/20,10/01/20,09/28/20,Out for 2020 season
Tyler Thornburg,CIN,RP,09/20/20,Tommy John surgery,45-Day IL,09/11/20,10/26/20,09/28/20,Out for 2020 season
Mickey Moniak,PHI,RP,09/20/20,Strained elbow,10-Day IL,09/21/20,10/01/20,09/28/20,No timetable for return
Chadwick Tromp,SFG,C,09/20/20,Strained shoulder,10-Day IL,09/21/20,10/01/20,09/28/20,Out for 2020 season
James Bourque,WSN,RP,09/20/20,Strained elbow,10-Day IL,09/21/20,10/01/20,09/28/20,Out for 2020 season
Dylan Moore,SEA,INF/OF,09/21/20,Concussion,7-Day IL,09/22/20,09/29/20,09/28/20,Out for 2020 season
Carter Kieboom,WSN,3B,09/21/20,Wrist contusion,10-Day IL,09/22/20,10/02/20,09/28/20,Out for 2020 season
Bubba Starling,KCR,OF,09/22/20,Lower back spasms,10-Day IL,09/23/20,10/03/20,09/28/20,Out for 2020 season
Kyle Zimmer,KCR,RP,09/22/20,Elbow ulnar neuritis,45-Day IL,09/23/20,11/07/20,09/28/20,Out for 2020 season
Franklin Barreto,LAA,INF,09/22/20,Shoulder surgery,10-Day IL,09/07/20,09/17/20,09/28/20,Out for 2020 season
Jake Fraley,SEA,OF,09/22/20,Strained quad,10-Day IL,09/23/20,10/03/20,09/28/20,Out for 2020 season
Shed Long Jr.,SEA,INF,09/22/20,Shin surgery (stress fracture),10-Day IL,09/10/20,09/20/20,09/28/20,No timetable for return
Luis Alexander Basabe,SFG,OF,09/22/20,Strained hamstring,10-Day IL,09/23/20,10/03/20,09/28/20,No timetable for return
Evan Phillips,BAL,RP,09/23/20,Elbow inflammation,Outrighted,09/22/20,10/02/20,09/30/20,Activated
Caleb Ferguson,LAD,RP,09/23/20,Tommy John surgery,10-Day IL,09/16/20,09/26/20,09/28/20,Out for 2020 season
Josh A. Smith,MIA,RP,09/23/20,Cracked fingernail,10-Day IL,09/24/20,10/04/20,09/28/20,No timetable for return
Michael Conforto,NYM,OF,09/23/20,Strained hamstring,10-Day IL,09/24/20,10/04/20,09/28/20,Out for 2020 season
Carlos Martinez,STL,SP,09/23/20,Strained oblique,10-Day IL,09/24/20,10/04/20,09/28/20,No timetable for return
Domingo Tapia,BOS,RP,09/24/20,Biceps contusion,10-Day IL,09/25/20,10/05/20,09/28/20,Out for 2020 season
Jeimer Candelario,DET,1B,09/24/20,Strained lower back,10-Day IL,09/25/20,10/05/20,09/28/20,Out for 2020 season
Greg Holland,KCR,RP,09/24/20,Strained oblique,10-Day IL,09/22/20,10/02/20,09/28/20,Out for 2020 season
Jorge Soler,KCR,OF,09/24/20,Strained oblique,10-Day IL,09/25/20,10/05/20,09/28/20,Out for 2020 season
Corbin Burnes,MIL,SP,09/24/20,Strained oblique,10-Day IL,09/25/20,10/05/20,09/28/20,No timetable for return
J.B. Wendelken,OAK,RP,09/24/20,Undisclosed,Active roster,09/24/20,,09/28/20,Activated
Sherten Apostel,TEX,3B/1B,09/24/20,Lower back tightness,10-Day IL,09/25/20,10/05/20,09/28/20,Out for 2020 season
Josh James,HOU,RP,09/25/20,Undisclosed,10-Day IL,09/25/20,,09/28/20,No timetable for return
Luis Rengifo,LAA,INF,09/25/20,Strained hamstring,10-Day IL,09/26/20,10/06/20,09/28/20,Out for 2020 season
Sam Coonrod,SFG,RP,09/25/20,Strained shoulder,10-Day IL,09/26/20,10/06/20,09/28/20,No timetable for return
Austin Dean,STL,RP,09/25/20,Strained groin,10-Day IL,09/26/20,10/06/20,09/28/20,No timetable for return
Willi Castro,DET,SS,09/26/20,Shoulder soreness,10-Day IL,09/27/20,10/07/20,09/28/20,Out for 2020 season
Erasmo Ramírez,NYM,RP,09/26/20,Strained groin,10-Day IL,09/27/20,10/07/20,09/28/20,Out for 2020 season
Andrés Giménez,NYM,INF,09/26/20,Strained oblique,10-Day IL,09/27/20,10/07/20,09/28/20,Out for 2020 season
Jacob Stallings,PIT,C,09/26/20,Concussion,7-Day IL,09/27/20,10/04/20,09/28/20,Out for 2020 season
Luis Torrens,SEA,C,09/26/20,Back spasms,10-Day IL,09/27/20,10/07/20,09/28/20,Out for 2020 season
Dakota Hudson,STL,SP,09/28/20,Tommy John surgery,45-Day IL,09/18/20,11/02/20,09/28/20,Out for 2020 season
David Dahl,COL,OF,09/29/20,Shoulder surgery,45-Day IL,09/21/20,11/05/20,09/28/20,Out for 2020 season
Bryan Abreu,HOU,RP,09/29/20,Undisclosed,45-Day IL,09/29/20,11/13/20,09/28/20,Out for 2020 season
Justin Verlander,HOU,SP,09/30/20,Tommy John surgery,10-Day IL,07/25/20,08/04/20,09/28/20,Out for 2020 season
Ken Giles,TOR,RP,09/30/20,Tommy John surgery,10-Day IL,09/16/20,09/26/20,09/28/20,Out for 2020 season
Brad Peacock,HOU,RP,10/06/20,Arthroscopic shoulder surgery,10-Day IL,09/15/20,09/25/20,09/28/20,No timetable for return
